<stg><name>stream_s_join</name>


<trans_list>

<trans id="191" from="1" to="2">
<condition id="-1">
<or_exp><and_exp></and_exp></or_exp>
</condition>
</trans>

<trans id="192" from="2" to="3">
<condition id="-1">
<or_exp><and_exp></and_exp></or_exp>
</condition>
</trans>

<trans id="193" from="3" to="4">
<condition id="-1">
<or_exp><and_exp></and_exp></or_exp>
</condition>
</trans>

<trans id="194" from="4" to="5">
<condition id="-1">
<or_exp><and_exp></and_exp></or_exp>
</condition>
</trans>

<trans id="195" from="5" to="6">
<condition id="-1">
<or_exp><and_exp></and_exp></or_exp>
</condition>
</trans>

<trans id="196" from="6" to="7">
<condition id="-1">
<or_exp><and_exp></and_exp></or_exp>
</condition>
</trans>

<trans id="197" from="7" to="8">
<condition id="-1">
<or_exp><and_exp></and_exp></or_exp>
</condition>
</trans>

<trans id="198" from="8" to="9">
<condition id="-1">
<or_exp><and_exp></and_exp></or_exp>
</condition>
</trans>

<trans id="243" from="9" to="12">
<condition id="-1">
<or_exp><and_exp><literal name="icmp_ln64" val="1"/>
</and_exp></or_exp>
</condition>
</trans>

<trans id="244" from="9" to="10">
<condition id="-1">
<or_exp><and_exp><literal name="icmp_ln64" val="0"/>
</and_exp></or_exp>
</condition>
</trans>

<trans id="241" from="10" to="11">
<condition id="-1">
<or_exp><and_exp></and_exp></or_exp>
</condition>
</trans>

<trans id="242" from="11" to="9">
<condition id="-1">
<or_exp><and_exp></and_exp></or_exp>
</condition>
</trans>

<trans id="203" from="12" to="13">
<condition id="-1">
<or_exp><and_exp></and_exp></or_exp>
</condition>
</trans>

<trans id="247" from="13" to="15">
<condition id="-1">
<or_exp><and_exp><literal name="icmp_ln67" val="1"/>
</and_exp></or_exp>
</condition>
</trans>

<trans id="248" from="13" to="14">
<condition id="-1">
<or_exp><and_exp><literal name="icmp_ln67" val="0"/>
</and_exp></or_exp>
</condition>
</trans>

<trans id="246" from="14" to="13">
<condition id="-1">
<or_exp><and_exp></and_exp></or_exp>
</condition>
</trans>

<trans id="208" from="15" to="16">
<condition id="-1">
<or_exp><and_exp></and_exp></or_exp>
</condition>
</trans>

<trans id="252" from="16" to="19">
<condition id="-1">
<or_exp><and_exp><literal name="icmp_ln72" val="1"/>
</and_exp></or_exp>
</condition>
</trans>

<trans id="253" from="16" to="17">
<condition id="-1">
<or_exp><and_exp><literal name="icmp_ln72" val="0"/>
</and_exp></or_exp>
</condition>
</trans>

<trans id="250" from="17" to="18">
<condition id="-1">
<or_exp><and_exp></and_exp></or_exp>
</condition>
</trans>

<trans id="251" from="18" to="16">
<condition id="-1">
<or_exp><and_exp></and_exp></or_exp>
</condition>
</trans>

<trans id="214" from="19" to="20">
<condition id="-1">
<or_exp><and_exp></and_exp></or_exp>
</condition>
</trans>

<trans id="215" from="20" to="21">
<condition id="-1">
<or_exp><and_exp></and_exp></or_exp>
</condition>
</trans>

<trans id="216" from="21" to="22">
<condition id="-1">
<or_exp><and_exp></and_exp></or_exp>
</condition>
</trans>

<trans id="217" from="22" to="23">
<condition id="-1">
<or_exp><and_exp></and_exp></or_exp>
</condition>
</trans>

<trans id="218" from="23" to="24">
<condition id="-1">
<or_exp><and_exp></and_exp></or_exp>
</condition>
</trans>

<trans id="219" from="24" to="25">
<condition id="-1">
<or_exp><and_exp></and_exp></or_exp>
</condition>
</trans>

<trans id="220" from="25" to="26">
<condition id="-1">
<or_exp><and_exp></and_exp></or_exp>
</condition>
</trans>

<trans id="257" from="26" to="29">
<condition id="-1">
<or_exp><and_exp><literal name="icmp_ln85" val="1"/>
</and_exp></or_exp>
</condition>
</trans>

<trans id="258" from="26" to="27">
<condition id="-1">
<or_exp><and_exp><literal name="icmp_ln85" val="0"/>
</and_exp></or_exp>
</condition>
</trans>

<trans id="255" from="27" to="28">
<condition id="-1">
<or_exp><and_exp></and_exp></or_exp>
</condition>
</trans>

<trans id="256" from="28" to="26">
<condition id="-1">
<or_exp><and_exp></and_exp></or_exp>
</condition>
</trans>

<trans id="225" from="29" to="30">
<condition id="-1">
<or_exp><and_exp></and_exp></or_exp>
</condition>
</trans>

<trans id="261" from="30" to="32">
<condition id="-1">
<or_exp><and_exp><literal name="icmp_ln88" val="1"/>
</and_exp></or_exp>
</condition>
</trans>

<trans id="262" from="30" to="31">
<condition id="-1">
<or_exp><and_exp><literal name="icmp_ln88" val="0"/>
</and_exp></or_exp>
</condition>
</trans>

<trans id="260" from="31" to="30">
<condition id="-1">
<or_exp><and_exp></and_exp></or_exp>
</condition>
</trans>

<trans id="230" from="32" to="33">
<condition id="-1">
<or_exp><and_exp></and_exp></or_exp>
</condition>
</trans>

<trans id="266" from="33" to="36">
<condition id="-1">
<or_exp><and_exp><literal name="icmp_ln93" val="1"/>
</and_exp></or_exp>
</condition>
</trans>

<trans id="267" from="33" to="34">
<condition id="-1">
<or_exp><and_exp><literal name="icmp_ln93" val="0"/>
</and_exp></or_exp>
</condition>
</trans>

<trans id="264" from="34" to="35">
<condition id="-1">
<or_exp><and_exp></and_exp></or_exp>
</condition>
</trans>

<trans id="265" from="35" to="33">
<condition id="-1">
<or_exp><and_exp></and_exp></or_exp>
</condition>
</trans>

<trans id="236" from="36" to="37">
<condition id="-1">
<or_exp><and_exp></and_exp></or_exp>
</condition>
</trans>

<trans id="237" from="37" to="38">
<condition id="-1">
<or_exp><and_exp></and_exp></or_exp>
</condition>
</trans>

<trans id="238" from="38" to="39">
<condition id="-1">
<or_exp><and_exp></and_exp></or_exp>
</condition>
</trans>

<trans id="239" from="39" to="40">
<condition id="-1">
<or_exp><and_exp></and_exp></or_exp>
</condition>
</trans>
</trans_list>



<state_list>

<state id="1" st_id="1">

<operation id="41" st_id="1" stage="1" lat="1">
<core>s_axilite</core>
<MemPortIdVec></MemPortIdVec>
<condition id="-1">
<or_exp><and_exp></and_exp></or_exp>
</condition>

<Node id="11" bw="64" op_0_bw="64" op_1_bw="64">
<![CDATA[
:0  %s_info_read = call i64 @_ssdm_op_Read.s_axilite.i64(i64 %s_info)

]]></Node>
<StgValue><ssdm name="s_info_read"/></StgValue>
</operation>

<operation id="42" st_id="1" stage="1" lat="1">
<core>s_axilite</core>
<MemPortIdVec></MemPortIdVec>
<condition id="-1">
<or_exp><and_exp></and_exp></or_exp>
</condition>

<Node id="12" bw="64" op_0_bw="64" op_1_bw="64">
<![CDATA[
:1  %s_result_read = call i64 @_ssdm_op_Read.s_axilite.i64(i64 %s_result)

]]></Node>
<StgValue><ssdm name="s_result_read"/></StgValue>
</operation>

<operation id="43" st_id="1" stage="1" lat="1">
<core>NULL</core>
<MemPortIdVec></MemPortIdVec>
<condition id="-1">
<or_exp><and_exp></and_exp></or_exp>
</condition>

<Node id="13" bw="62" op_0_bw="62" op_1_bw="64" op_2_bw="32" op_3_bw="32">
<![CDATA[
:2  %s_info5 = call i62 @_ssdm_op_PartSelect.i62.i64.i32.i32(i64 %s_info_read, i32 2, i32 63)

]]></Node>
<StgValue><ssdm name="s_info5"/></StgValue>
</operation>

<operation id="44" st_id="1" stage="1" lat="1">
<core>NULL</core>
<MemPortIdVec></MemPortIdVec>
<condition id="-1">
<or_exp><and_exp></and_exp></or_exp>
</condition>

<Node id="14" bw="64" op_0_bw="62">
<![CDATA[
:3  %empty = zext i62 %s_info5 to i64

]]></Node>
<StgValue><ssdm name="empty"/></StgValue>
</operation>

<operation id="45" st_id="1" stage="1" lat="1">
<core>NULL</core>
<MemPortIdVec></MemPortIdVec>
<condition id="-1">
<or_exp><and_exp></and_exp></or_exp>
</condition>

<Node id="15" bw="32" op_0_bw="32" op_1_bw="64">
<![CDATA[
:4  %m01_axi_addr = getelementptr i32* %m01_axi, i64 %empty

]]></Node>
<StgValue><ssdm name="m01_axi_addr"/></StgValue>
</operation>

<operation id="46" st_id="1" stage="1" lat="1">
<core>NULL</core>
<MemPortIdVec></MemPortIdVec>
<condition id="-1">
<or_exp><and_exp></and_exp></or_exp>
</condition>

<Node id="16" bw="62" op_0_bw="62" op_1_bw="64" op_2_bw="32" op_3_bw="32">
<![CDATA[
:5  %s_result1 = call i62 @_ssdm_op_PartSelect.i62.i64.i32.i32(i64 %s_result_read, i32 2, i32 63)

]]></Node>
<StgValue><ssdm name="s_result1"/></StgValue>
</operation>

<operation id="47" st_id="1" stage="1" lat="1">
<core>NULL</core>
<MemPortIdVec></MemPortIdVec>
<condition id="-1">
<or_exp><and_exp></and_exp></or_exp>
</condition>

<Node id="17" bw="64" op_0_bw="62">
<![CDATA[
:6  %empty_5 = zext i62 %s_result1 to i64

]]></Node>
<StgValue><ssdm name="empty_5"/></StgValue>
</operation>

<operation id="48" st_id="1" stage="1" lat="1">
<core>NULL</core>
<MemPortIdVec></MemPortIdVec>
<condition id="-1">
<or_exp><and_exp></and_exp></or_exp>
</condition>

<Node id="18" bw="32" op_0_bw="32" op_1_bw="64">
<![CDATA[
:7  %m00_axi_addr = getelementptr i32* %m00_axi, i64 %empty_5

]]></Node>
<StgValue><ssdm name="m00_axi_addr"/></StgValue>
</operation>

<operation id="49" st_id="1" stage="1" lat="1">
<core>RAM</core>
<MemPortIdVec></MemPortIdVec>
<condition id="-1">
<or_exp><and_exp></and_exp></or_exp>
</condition>

<Node id="26" bw="32" op_0_bw="64">
<![CDATA[
:15  %m00_axi_input_buffer = alloca [8192 x i32], align 16

]]></Node>
<StgValue><ssdm name="m00_axi_input_buffer"/></StgValue>
</operation>

<operation id="50" st_id="1" stage="1" lat="1">
<core>RAM</core>
<MemPortIdVec></MemPortIdVec>
<condition id="-1">
<or_exp><and_exp></and_exp></or_exp>
</condition>

<Node id="27" bw="32" op_0_bw="64">
<![CDATA[
:16  %m00_axi_output_buffer = alloca [8192 x i32], align 16

]]></Node>
<StgValue><ssdm name="m00_axi_output_buffer"/></StgValue>
</operation>

<operation id="51" st_id="1" stage="1" lat="1">
<core>RAM</core>
<MemPortIdVec></MemPortIdVec>
<condition id="-1">
<or_exp><and_exp></and_exp></or_exp>
</condition>

<Node id="28" bw="32" op_0_bw="64">
<![CDATA[
:17  %m01_axi_input_buffer = alloca [8192 x i32], align 16

]]></Node>
<StgValue><ssdm name="m01_axi_input_buffer"/></StgValue>
</operation>

<operation id="52" st_id="1" stage="1" lat="1">
<core>RAM</core>
<MemPortIdVec></MemPortIdVec>
<condition id="-1">
<or_exp><and_exp></and_exp></or_exp>
</condition>

<Node id="29" bw="32" op_0_bw="64">
<![CDATA[
:18  %m01_axi_output_buffer = alloca [8192 x i32], align 16

]]></Node>
<StgValue><ssdm name="m01_axi_output_buffer"/></StgValue>
</operation>
</state>

<state id="2" st_id="2">

<operation id="53" st_id="2" stage="7" lat="7">
<core>m_axi</core>
<MemPortIdVec></MemPortIdVec>
<condition id="-1">
<or_exp><and_exp></and_exp></or_exp>
</condition>

<Node id="42" bw="1" op_0_bw="1" op_1_bw="32" op_2_bw="32">
<![CDATA[
:31  %m00_axi_addr_rd_req = call i1 @_ssdm_op_ReadReq.m_axi.i32P(i32* %m00_axi_addr, i32 4096)

]]></Node>
<StgValue><ssdm name="m00_axi_addr_rd_req"/></StgValue>
</operation>
</state>

<state id="3" st_id="3">

<operation id="54" st_id="3" stage="6" lat="7">
<core>m_axi</core>
<MemPortIdVec></MemPortIdVec>
<condition id="-1">
<or_exp><and_exp></and_exp></or_exp>
</condition>

<Node id="42" bw="1" op_0_bw="1" op_1_bw="32" op_2_bw="32">
<![CDATA[
:31  %m00_axi_addr_rd_req = call i1 @_ssdm_op_ReadReq.m_axi.i32P(i32* %m00_axi_addr, i32 4096)

]]></Node>
<StgValue><ssdm name="m00_axi_addr_rd_req"/></StgValue>
</operation>
</state>

<state id="4" st_id="4">

<operation id="55" st_id="4" stage="5" lat="7">
<core>m_axi</core>
<MemPortIdVec></MemPortIdVec>
<condition id="-1">
<or_exp><and_exp></and_exp></or_exp>
</condition>

<Node id="42" bw="1" op_0_bw="1" op_1_bw="32" op_2_bw="32">
<![CDATA[
:31  %m00_axi_addr_rd_req = call i1 @_ssdm_op_ReadReq.m_axi.i32P(i32* %m00_axi_addr, i32 4096)

]]></Node>
<StgValue><ssdm name="m00_axi_addr_rd_req"/></StgValue>
</operation>
</state>

<state id="5" st_id="5">

<operation id="56" st_id="5" stage="4" lat="7">
<core>m_axi</core>
<MemPortIdVec></MemPortIdVec>
<condition id="-1">
<or_exp><and_exp></and_exp></or_exp>
</condition>

<Node id="42" bw="1" op_0_bw="1" op_1_bw="32" op_2_bw="32">
<![CDATA[
:31  %m00_axi_addr_rd_req = call i1 @_ssdm_op_ReadReq.m_axi.i32P(i32* %m00_axi_addr, i32 4096)

]]></Node>
<StgValue><ssdm name="m00_axi_addr_rd_req"/></StgValue>
</operation>
</state>

<state id="6" st_id="6">

<operation id="57" st_id="6" stage="3" lat="7">
<core>m_axi</core>
<MemPortIdVec></MemPortIdVec>
<condition id="-1">
<or_exp><and_exp></and_exp></or_exp>
</condition>

<Node id="42" bw="1" op_0_bw="1" op_1_bw="32" op_2_bw="32">
<![CDATA[
:31  %m00_axi_addr_rd_req = call i1 @_ssdm_op_ReadReq.m_axi.i32P(i32* %m00_axi_addr, i32 4096)

]]></Node>
<StgValue><ssdm name="m00_axi_addr_rd_req"/></StgValue>
</operation>
</state>

<state id="7" st_id="7">

<operation id="58" st_id="7" stage="2" lat="7">
<core>m_axi</core>
<MemPortIdVec></MemPortIdVec>
<condition id="-1">
<or_exp><and_exp></and_exp></or_exp>
</condition>

<Node id="42" bw="1" op_0_bw="1" op_1_bw="32" op_2_bw="32">
<![CDATA[
:31  %m00_axi_addr_rd_req = call i1 @_ssdm_op_ReadReq.m_axi.i32P(i32* %m00_axi_addr, i32 4096)

]]></Node>
<StgValue><ssdm name="m00_axi_addr_rd_req"/></StgValue>
</operation>
</state>

<state id="8" st_id="8">

<operation id="59" st_id="8" stage="1" lat="1">
<core>NULL</core>
<MemPortIdVec></MemPortIdVec>
<condition id="-1">
<or_exp><and_exp></and_exp></or_exp>
</condition>

<Node id="19" bw="0" op_0_bw="0" op_1_bw="32">
<![CDATA[
:8  call void (...)* @_ssdm_op_SpecBitsMap(i32* %m01_axi), !map !13

]]></Node>
<StgValue><ssdm name="specbitsmap_ln0"/></StgValue>
</operation>

<operation id="60" st_id="8" stage="1" lat="1">
<core>NULL</core>
<MemPortIdVec></MemPortIdVec>
<condition id="-1">
<or_exp><and_exp></and_exp></or_exp>
</condition>

<Node id="20" bw="0" op_0_bw="0" op_1_bw="32">
<![CDATA[
:9  call void (...)* @_ssdm_op_SpecBitsMap(i32* %m00_axi), !map !20

]]></Node>
<StgValue><ssdm name="specbitsmap_ln0"/></StgValue>
</operation>

<operation id="61" st_id="8" stage="1" lat="1">
<core>NULL</core>
<MemPortIdVec></MemPortIdVec>
<condition id="-1">
<or_exp><and_exp></and_exp></or_exp>
</condition>

<Node id="21" bw="0" op_0_bw="0" op_1_bw="32">
<![CDATA[
:10  call void (...)* @_ssdm_op_SpecBitsMap(i32 %s_stream_length) nounwind, !map !25

]]></Node>
<StgValue><ssdm name="specbitsmap_ln0"/></StgValue>
</operation>

<operation id="62" st_id="8" stage="1" lat="1">
<core>NULL</core>
<MemPortIdVec></MemPortIdVec>
<condition id="-1">
<or_exp><and_exp></and_exp></or_exp>
</condition>

<Node id="22" bw="0" op_0_bw="0" op_1_bw="32">
<![CDATA[
:11  call void (...)* @_ssdm_op_SpecBitsMap(i32 %r_window_length) nounwind, !map !31

]]></Node>
<StgValue><ssdm name="specbitsmap_ln0"/></StgValue>
</operation>

<operation id="63" st_id="8" stage="1" lat="1">
<core>NULL</core>
<MemPortIdVec></MemPortIdVec>
<condition id="-1">
<or_exp><and_exp></and_exp></or_exp>
</condition>

<Node id="23" bw="0" op_0_bw="0" op_1_bw="32">
<![CDATA[
:12  call void (...)* @_ssdm_op_SpecBitsMap(i32 %s_result_max) nounwind, !map !35

]]></Node>
<StgValue><ssdm name="specbitsmap_ln0"/></StgValue>
</operation>

<operation id="64" st_id="8" stage="1" lat="1">
<core>NULL</core>
<MemPortIdVec></MemPortIdVec>
<condition id="-1">
<or_exp><and_exp></and_exp></or_exp>
</condition>

<Node id="24" bw="0" op_0_bw="0" op_1_bw="32">
<![CDATA[
:13  call void (...)* @_ssdm_op_SpecBitsMap(i32 %window_in_ms) nounwind, !map !39

]]></Node>
<StgValue><ssdm name="specbitsmap_ln0"/></StgValue>
</operation>

<operation id="65" st_id="8" stage="1" lat="1">
<core>NULL</core>
<MemPortIdVec></MemPortIdVec>
<condition id="-1">
<or_exp><and_exp></and_exp></or_exp>
</condition>

<Node id="25" bw="0" op_0_bw="0" op_1_bw="0">
<![CDATA[
:14  call void (...)* @_ssdm_op_SpecTopModule([14 x i8]* @stream_s_join_str) nounwind

]]></Node>
<StgValue><ssdm name="spectopmodule_ln0"/></StgValue>
</operation>

<operation id="66" st_id="8" stage="1" lat="1">
<core>NULL</core>
<MemPortIdVec></MemPortIdVec>
<condition id="-1">
<or_exp><and_exp></and_exp></or_exp>
</condition>

<Node id="30" bw="0" op_0_bw="0" op_1_bw="32" op_2_bw="0" op_3_bw="32" op_4_bw="32" op_5_bw="0" op_6_bw="32" op_7_bw="32" op_8_bw="0" op_9_bw="0" op_10_bw="0" op_11_bw="32" op_12_bw="32" op_13_bw="32" op_14_bw="32" op_15_bw="0" op_16_bw="0">
<![CDATA[
:19  call void (...)* @_ssdm_op_SpecInterface(i32* %m00_axi, [6 x i8]* @p_str, i32 0, i32 0, [1 x i8]* @p_str1, i32 0, i32 0, [8 x i8]* @p_str2, [6 x i8]* @p_str3, [1 x i8]* @p_str1, i32 16, i32 16, i32 16, i32 16, [1 x i8]* @p_str1, [1 x i8]* @p_str1) nounwind

]]></Node>
<StgValue><ssdm name="specinterface_ln36"/></StgValue>
</operation>

<operation id="67" st_id="8" stage="1" lat="1">
<core>NULL</core>
<MemPortIdVec></MemPortIdVec>
<condition id="-1">
<or_exp><and_exp></and_exp></or_exp>
</condition>

<Node id="31" bw="0" op_0_bw="0" op_1_bw="32" op_2_bw="0" op_3_bw="32" op_4_bw="32" op_5_bw="0" op_6_bw="32" op_7_bw="32" op_8_bw="0" op_9_bw="0" op_10_bw="0" op_11_bw="32" op_12_bw="32" op_13_bw="32" op_14_bw="32" op_15_bw="0" op_16_bw="0">
<![CDATA[
:20  call void (...)* @_ssdm_op_SpecInterface(i32* %m01_axi, [6 x i8]* @p_str, i32 0, i32 0, [1 x i8]* @p_str1, i32 0, i32 0, [8 x i8]* @p_str4, [6 x i8]* @p_str3, [1 x i8]* @p_str1, i32 16, i32 16, i32 16, i32 16, [1 x i8]* @p_str1, [1 x i8]* @p_str1) nounwind

]]></Node>
<StgValue><ssdm name="specinterface_ln38"/></StgValue>
</operation>

<operation id="68" st_id="8" stage="1" lat="1">
<core>NULL</core>
<MemPortIdVec></MemPortIdVec>
<condition id="-1">
<or_exp><and_exp></and_exp></or_exp>
</condition>

<Node id="32" bw="0" op_0_bw="0" op_1_bw="32" op_2_bw="0" op_3_bw="32" op_4_bw="32" op_5_bw="0" op_6_bw="32" op_7_bw="32" op_8_bw="0" op_9_bw="0" op_10_bw="0" op_11_bw="32" op_12_bw="32" op_13_bw="32" op_14_bw="32" op_15_bw="0" op_16_bw="0">
<![CDATA[
:21  call void (...)* @_ssdm_op_SpecInterface(i32 %s_stream_length, [10 x i8]* @p_str5, i32 0, i32 0, [1 x i8]* @p_str1, i32 0, i32 0, [8 x i8]* @p_str6, [1 x i8]* @p_str1, [1 x i8]* @p_str1, i32 0, i32 0, i32 0, i32 0, [1 x i8]* @p_str1, [1 x i8]* @p_str1) nounwind

]]></Node>
<StgValue><ssdm name="specinterface_ln40"/></StgValue>
</operation>

<operation id="69" st_id="8" stage="1" lat="1">
<core>NULL</core>
<MemPortIdVec></MemPortIdVec>
<condition id="-1">
<or_exp><and_exp></and_exp></or_exp>
</condition>

<Node id="33" bw="0" op_0_bw="0" op_1_bw="32" op_2_bw="0" op_3_bw="32" op_4_bw="32" op_5_bw="0" op_6_bw="32" op_7_bw="32" op_8_bw="0" op_9_bw="0" op_10_bw="0" op_11_bw="32" op_12_bw="32" op_13_bw="32" op_14_bw="32" op_15_bw="0" op_16_bw="0">
<![CDATA[
:22  call void (...)* @_ssdm_op_SpecInterface(i32 %r_window_length, [10 x i8]* @p_str5, i32 0, i32 0, [1 x i8]* @p_str1, i32 0, i32 0, [8 x i8]* @p_str6, [1 x i8]* @p_str1, [1 x i8]* @p_str1, i32 0, i32 0, i32 0, i32 0, [1 x i8]* @p_str1, [1 x i8]* @p_str1) nounwind

]]></Node>
<StgValue><ssdm name="specinterface_ln41"/></StgValue>
</operation>

<operation id="70" st_id="8" stage="1" lat="1">
<core>NULL</core>
<MemPortIdVec></MemPortIdVec>
<condition id="-1">
<or_exp><and_exp></and_exp></or_exp>
</condition>

<Node id="34" bw="0" op_0_bw="0" op_1_bw="32" op_2_bw="0" op_3_bw="32" op_4_bw="32" op_5_bw="0" op_6_bw="32" op_7_bw="32" op_8_bw="0" op_9_bw="0" op_10_bw="0" op_11_bw="32" op_12_bw="32" op_13_bw="32" op_14_bw="32" op_15_bw="0" op_16_bw="0">
<![CDATA[
:23  call void (...)* @_ssdm_op_SpecInterface(i32 %s_result_max, [10 x i8]* @p_str5, i32 0, i32 0, [1 x i8]* @p_str1, i32 0, i32 0, [8 x i8]* @p_str6, [1 x i8]* @p_str1, [1 x i8]* @p_str1, i32 0, i32 0, i32 0, i32 0, [1 x i8]* @p_str1, [1 x i8]* @p_str1) nounwind

]]></Node>
<StgValue><ssdm name="specinterface_ln42"/></StgValue>
</operation>

<operation id="71" st_id="8" stage="1" lat="1">
<core>NULL</core>
<MemPortIdVec></MemPortIdVec>
<condition id="-1">
<or_exp><and_exp></and_exp></or_exp>
</condition>

<Node id="35" bw="0" op_0_bw="0" op_1_bw="32" op_2_bw="0" op_3_bw="32" op_4_bw="32" op_5_bw="0" op_6_bw="32" op_7_bw="32" op_8_bw="0" op_9_bw="0" op_10_bw="0" op_11_bw="32" op_12_bw="32" op_13_bw="32" op_14_bw="32" op_15_bw="0" op_16_bw="0">
<![CDATA[
:24  call void (...)* @_ssdm_op_SpecInterface(i32 %window_in_ms, [10 x i8]* @p_str5, i32 0, i32 0, [1 x i8]* @p_str1, i32 0, i32 0, [8 x i8]* @p_str6, [1 x i8]* @p_str1, [1 x i8]* @p_str1, i32 0, i32 0, i32 0, i32 0, [1 x i8]* @p_str1, [1 x i8]* @p_str1) nounwind

]]></Node>
<StgValue><ssdm name="specinterface_ln43"/></StgValue>
</operation>

<operation id="72" st_id="8" stage="1" lat="1">
<core>NULL</core>
<MemPortIdVec></MemPortIdVec>
<condition id="-1">
<or_exp><and_exp></and_exp></or_exp>
</condition>

<Node id="36" bw="0" op_0_bw="0" op_1_bw="64" op_2_bw="0" op_3_bw="32" op_4_bw="32" op_5_bw="0" op_6_bw="32" op_7_bw="32" op_8_bw="0" op_9_bw="0" op_10_bw="0" op_11_bw="32" op_12_bw="32" op_13_bw="32" op_14_bw="32" op_15_bw="0" op_16_bw="0">
<![CDATA[
:25  call void (...)* @_ssdm_op_SpecInterface(i64 %s_result, [10 x i8]* @p_str5, i32 0, i32 0, [1 x i8]* @p_str1, i32 0, i32 0, [8 x i8]* @p_str6, [1 x i8]* @p_str1, [1 x i8]* @p_str1, i32 0, i32 0, i32 0, i32 0, [1 x i8]* @p_str1, [1 x i8]* @p_str1) nounwind

]]></Node>
<StgValue><ssdm name="specinterface_ln44"/></StgValue>
</operation>

<operation id="73" st_id="8" stage="1" lat="1">
<core>NULL</core>
<MemPortIdVec></MemPortIdVec>
<condition id="-1">
<or_exp><and_exp></and_exp></or_exp>
</condition>

<Node id="37" bw="0" op_0_bw="0" op_1_bw="64" op_2_bw="0" op_3_bw="32" op_4_bw="32" op_5_bw="0" op_6_bw="32" op_7_bw="32" op_8_bw="0" op_9_bw="0" op_10_bw="0" op_11_bw="32" op_12_bw="32" op_13_bw="32" op_14_bw="32" op_15_bw="0" op_16_bw="0">
<![CDATA[
:26  call void (...)* @_ssdm_op_SpecInterface(i64 %s_stream, [10 x i8]* @p_str5, i32 0, i32 0, [1 x i8]* @p_str1, i32 0, i32 0, [8 x i8]* @p_str6, [1 x i8]* @p_str1, [1 x i8]* @p_str1, i32 0, i32 0, i32 0, i32 0, [1 x i8]* @p_str1, [1 x i8]* @p_str1) nounwind

]]></Node>
<StgValue><ssdm name="specinterface_ln45"/></StgValue>
</operation>

<operation id="74" st_id="8" stage="1" lat="1">
<core>NULL</core>
<MemPortIdVec></MemPortIdVec>
<condition id="-1">
<or_exp><and_exp></and_exp></or_exp>
</condition>

<Node id="38" bw="0" op_0_bw="0" op_1_bw="64" op_2_bw="0" op_3_bw="32" op_4_bw="32" op_5_bw="0" op_6_bw="32" op_7_bw="32" op_8_bw="0" op_9_bw="0" op_10_bw="0" op_11_bw="32" op_12_bw="32" op_13_bw="32" op_14_bw="32" op_15_bw="0" op_16_bw="0">
<![CDATA[
:27  call void (...)* @_ssdm_op_SpecInterface(i64 %s_info, [10 x i8]* @p_str5, i32 0, i32 0, [1 x i8]* @p_str1, i32 0, i32 0, [8 x i8]* @p_str6, [1 x i8]* @p_str1, [1 x i8]* @p_str1, i32 0, i32 0, i32 0, i32 0, [1 x i8]* @p_str1, [1 x i8]* @p_str1) nounwind

]]></Node>
<StgValue><ssdm name="specinterface_ln46"/></StgValue>
</operation>

<operation id="75" st_id="8" stage="1" lat="1">
<core>NULL</core>
<MemPortIdVec></MemPortIdVec>
<condition id="-1">
<or_exp><and_exp></and_exp></or_exp>
</condition>

<Node id="39" bw="0" op_0_bw="0" op_1_bw="64" op_2_bw="0" op_3_bw="32" op_4_bw="32" op_5_bw="0" op_6_bw="32" op_7_bw="32" op_8_bw="0" op_9_bw="0" op_10_bw="0" op_11_bw="32" op_12_bw="32" op_13_bw="32" op_14_bw="32" op_15_bw="0" op_16_bw="0">
<![CDATA[
:28  call void (...)* @_ssdm_op_SpecInterface(i64 %r_window, [10 x i8]* @p_str5, i32 0, i32 0, [1 x i8]* @p_str1, i32 0, i32 0, [8 x i8]* @p_str6, [1 x i8]* @p_str1, [1 x i8]* @p_str1, i32 0, i32 0, i32 0, i32 0, [1 x i8]* @p_str1, [1 x i8]* @p_str1) nounwind

]]></Node>
<StgValue><ssdm name="specinterface_ln47"/></StgValue>
</operation>

<operation id="76" st_id="8" stage="1" lat="1">
<core>NULL</core>
<MemPortIdVec></MemPortIdVec>
<condition id="-1">
<or_exp><and_exp></and_exp></or_exp>
</condition>

<Node id="40" bw="0" op_0_bw="0" op_1_bw="32" op_2_bw="0" op_3_bw="32" op_4_bw="32" op_5_bw="0" op_6_bw="32" op_7_bw="32" op_8_bw="0" op_9_bw="0" op_10_bw="0" op_11_bw="32" op_12_bw="32" op_13_bw="32" op_14_bw="32" op_15_bw="0" op_16_bw="0">
<![CDATA[
:29  call void (...)* @_ssdm_op_SpecInterface(i32 0, [10 x i8]* @p_str5, i32 0, i32 0, [1 x i8]* @p_str1, i32 0, i32 0, [8 x i8]* @p_str6, [1 x i8]* @p_str1, [1 x i8]* @p_str1, i32 0, i32 0, i32 0, i32 0, [1 x i8]* @p_str1, [1 x i8]* @p_str1) nounwind

]]></Node>
<StgValue><ssdm name="specinterface_ln48"/></StgValue>
</operation>

<operation id="77" st_id="8" stage="1" lat="1">
<core>NULL</core>
<MemPortIdVec></MemPortIdVec>
<condition id="-1">
<or_exp><and_exp></and_exp></or_exp>
</condition>

<Node id="41" bw="0" op_0_bw="0" op_1_bw="32" op_2_bw="0" op_3_bw="32" op_4_bw="32" op_5_bw="0" op_6_bw="32" op_7_bw="32" op_8_bw="0" op_9_bw="0" op_10_bw="0" op_11_bw="32" op_12_bw="32" op_13_bw="32" op_14_bw="32" op_15_bw="0" op_16_bw="0">
<![CDATA[
:30  call void (...)* @_ssdm_op_SpecInterface(i32 0, [11 x i8]* @p_str7, i32 0, i32 0, [1 x i8]* @p_str1, i32 0, i32 0, [1 x i8]* @p_str1, [1 x i8]* @p_str1, [1 x i8]* @p_str1, i32 0, i32 0, i32 0, i32 0, [1 x i8]* @p_str1, [1 x i8]* @p_str1) nounwind

]]></Node>
<StgValue><ssdm name="specinterface_ln49"/></StgValue>
</operation>

<operation id="78" st_id="8" stage="1" lat="7">
<core>m_axi</core>
<MemPortIdVec></MemPortIdVec>
<condition id="-1">
<or_exp><and_exp></and_exp></or_exp>
</condition>

<Node id="42" bw="1" op_0_bw="1" op_1_bw="32" op_2_bw="32">
<![CDATA[
:31  %m00_axi_addr_rd_req = call i1 @_ssdm_op_ReadReq.m_axi.i32P(i32* %m00_axi_addr, i32 4096)

]]></Node>
<StgValue><ssdm name="m00_axi_addr_rd_req"/></StgValue>
</operation>

<operation id="79" st_id="8" stage="1" lat="1">
<core>NULL</core>
<MemPortIdVec></MemPortIdVec>
<condition id="-1">
<or_exp><and_exp></and_exp></or_exp>
</condition>

<Node id="43" bw="0" op_0_bw="0">
<![CDATA[
:32  br label %burst.rd.header

]]></Node>
<StgValue><ssdm name="br_ln64"/></StgValue>
</operation>
</state>

<state id="9" st_id="9">

<operation id="80" st_id="9" stage="1" lat="1">
<core>NULL</core>
<MemPortIdVec></MemPortIdVec>
<condition id="-1">
<or_exp><and_exp></and_exp></or_exp>
</condition>

<Node id="45" bw="13" op_0_bw="13" op_1_bw="0" op_2_bw="13" op_3_bw="0">
<![CDATA[
burst.rd.header:0  %phi_ln64 = phi i13 [ 0, %0 ], [ %add_ln64, %burstread.region ]

]]></Node>
<StgValue><ssdm name="phi_ln64"/></StgValue>
</operation>

<operation id="81" st_id="9" stage="1" lat="1">
<core>Cmp</core>
<MemPortIdVec></MemPortIdVec>
<condition id="-1">
<or_exp><and_exp></and_exp></or_exp>
</condition>

<Node id="46" bw="1" op_0_bw="13" op_1_bw="13">
<![CDATA[
burst.rd.header:1  %icmp_ln64 = icmp eq i13 %phi_ln64, -4096

]]></Node>
<StgValue><ssdm name="icmp_ln64"/></StgValue>
</operation>

<operation id="82" st_id="9" stage="1" lat="1">
<core>NULL</core>
<MemPortIdVec></MemPortIdVec>
<condition id="-1">
<or_exp><and_exp></and_exp></or_exp>
</condition>

<Node id="47" bw="32" op_0_bw="32" op_1_bw="64" op_2_bw="64" op_3_bw="64">
<![CDATA[
burst.rd.header:2  %empty_6 = call i32 (...)* @_ssdm_op_SpecLoopTripCount(i64 4096, i64 4096, i64 4096) nounwind

]]></Node>
<StgValue><ssdm name="empty_6"/></StgValue>
</operation>

<operation id="83" st_id="9" stage="1" lat="1">
<core>AddSub</core>
<MemPortIdVec></MemPortIdVec>
<condition id="-1">
<or_exp><and_exp></and_exp></or_exp>
</condition>

<Node id="48" bw="13" op_0_bw="13" op_1_bw="13">
<![CDATA[
burst.rd.header:3  %add_ln64 = add i13 %phi_ln64, 1

]]></Node>
<StgValue><ssdm name="add_ln64"/></StgValue>
</operation>

<operation id="84" st_id="9" stage="1" lat="1">
<core>NULL</core>
<MemPortIdVec></MemPortIdVec>
<condition id="-1">
<or_exp><and_exp></and_exp></or_exp>
</condition>

<Node id="49" bw="0" op_0_bw="1" op_1_bw="0" op_2_bw="0">
<![CDATA[
burst.rd.header:4  br i1 %icmp_ln64, label %burst.rd.end.preheader, label %burstread.region

]]></Node>
<StgValue><ssdm name="br_ln64"/></StgValue>
</operation>
</state>

<state id="10" st_id="10">

<operation id="85" st_id="10" stage="1" lat="1">
<core>m_axi</core>
<MemPortIdVec></MemPortIdVec>
<condition id="-1">
<or_exp><and_exp><literal name="icmp_ln64" val="0"/>
</and_exp></or_exp>
</condition>

<Node id="55" bw="32" op_0_bw="32" op_1_bw="32" op_2_bw="1">
<![CDATA[
burstread.region:4  %m00_axi_addr_read = call i32 @_ssdm_op_Read.m_axi.i32P(i32* %m00_axi_addr)

]]></Node>
<StgValue><ssdm name="m00_axi_addr_read"/></StgValue>
</operation>
</state>

<state id="11" st_id="11">

<operation id="86" st_id="11" stage="1" lat="1">
<core>NULL</core>
<MemPortIdVec></MemPortIdVec>
<condition id="-1">
<or_exp><and_exp><literal name="icmp_ln64" val="0"/>
</and_exp></or_exp>
</condition>

<Node id="51" bw="32" op_0_bw="32" op_1_bw="0">
<![CDATA[
burstread.region:0  %burstread_rbegin = call i32 (...)* @_ssdm_op_SpecRegionBegin([17 x i8]* @burstread_OC_region_str) nounwind

]]></Node>
<StgValue><ssdm name="burstread_rbegin"/></StgValue>
</operation>

<operation id="87" st_id="11" stage="1" lat="1">
<core>NULL</core>
<MemPortIdVec></MemPortIdVec>
<condition id="-1">
<or_exp><and_exp><literal name="icmp_ln64" val="0"/>
</and_exp></or_exp>
</condition>

<Node id="52" bw="32" op_0_bw="32" op_1_bw="32" op_2_bw="32" op_3_bw="32" op_4_bw="32" op_5_bw="0">
<![CDATA[
burstread.region:1  %empty_7 = call i32 (...)* @_ssdm_op_SpecPipeline(i32 1, i32 1, i32 1, i32 0, [1 x i8]* @p_str8) nounwind

]]></Node>
<StgValue><ssdm name="empty_7"/></StgValue>
</operation>

<operation id="88" st_id="11" stage="1" lat="1">
<core>NULL</core>
<MemPortIdVec></MemPortIdVec>
<condition id="-1">
<or_exp><and_exp><literal name="icmp_ln64" val="0"/>
</and_exp></or_exp>
</condition>

<Node id="53" bw="32" op_0_bw="32" op_1_bw="0">
<![CDATA[
burstread.region:2  %empty_8 = call i32 (...)* @_ssdm_op_SpecLoopName([37 x i8]* @memcpy_OC_m00_axi_input_buffer_OC_s_result_str) nounwind

]]></Node>
<StgValue><ssdm name="empty_8"/></StgValue>
</operation>

<operation id="89" st_id="11" stage="1" lat="1">
<core>NULL</core>
<MemPortIdVec></MemPortIdVec>
<condition id="-1">
<or_exp><and_exp><literal name="icmp_ln64" val="0"/>
</and_exp></or_exp>
</condition>

<Node id="54" bw="64" op_0_bw="13">
<![CDATA[
burstread.region:3  %zext_ln64 = zext i13 %phi_ln64 to i64

]]></Node>
<StgValue><ssdm name="zext_ln64"/></StgValue>
</operation>

<operation id="90" st_id="11" stage="1" lat="1">
<core>NULL</core>
<MemPortIdVec></MemPortIdVec>
<condition id="-1">
<or_exp><and_exp><literal name="icmp_ln64" val="0"/>
</and_exp></or_exp>
</condition>

<Node id="56" bw="13" op_0_bw="32" op_1_bw="64" op_2_bw="64">
<![CDATA[
burstread.region:5  %m00_axi_input_buffer_addr = getelementptr [8192 x i32]* %m00_axi_input_buffer, i64 0, i64 %zext_ln64

]]></Node>
<StgValue><ssdm name="m00_axi_input_buffer_addr"/></StgValue>
</operation>

<operation id="91" st_id="11" stage="1" lat="1">
<core>RAM</core>
<MemPortIdVec></MemPortIdVec>
<condition id="-1">
<or_exp><and_exp><literal name="icmp_ln64" val="0"/>
</and_exp></or_exp>
</condition>

<Node id="57" bw="0" op_0_bw="32" op_1_bw="13">
<![CDATA[
burstread.region:6  store i32 %m00_axi_addr_read, i32* %m00_axi_input_buffer_addr, align 4

]]></Node>
<StgValue><ssdm name="store_ln64"/></StgValue>
</operation>

<operation id="92" st_id="11" stage="1" lat="1">
<core>NULL</core>
<MemPortIdVec></MemPortIdVec>
<condition id="-1">
<or_exp><and_exp><literal name="icmp_ln64" val="0"/>
</and_exp></or_exp>
</condition>

<Node id="58" bw="32" op_0_bw="32" op_1_bw="0" op_2_bw="32">
<![CDATA[
burstread.region:7  %burstread_rend = call i32 (...)* @_ssdm_op_SpecRegionEnd([17 x i8]* @burstread_OC_region_str, i32 %burstread_rbegin) nounwind

]]></Node>
<StgValue><ssdm name="burstread_rend"/></StgValue>
</operation>

<operation id="93" st_id="11" stage="1" lat="1">
<core>NULL</core>
<MemPortIdVec></MemPortIdVec>
<condition id="-1">
<or_exp><and_exp><literal name="icmp_ln64" val="0"/>
</and_exp></or_exp>
</condition>

<Node id="59" bw="0" op_0_bw="0">
<![CDATA[
burstread.region:8  br label %burst.rd.header

]]></Node>
<StgValue><ssdm name="br_ln64"/></StgValue>
</operation>
</state>

<state id="12" st_id="12">

<operation id="94" st_id="12" stage="1" lat="1">
<core>NULL</core>
<MemPortIdVec></MemPortIdVec>
<condition id="-1">
<or_exp><and_exp></and_exp></or_exp>
</condition>

<Node id="61" bw="0" op_0_bw="0">
<![CDATA[
burst.rd.end.preheader:0  br label %burst.rd.end

]]></Node>
<StgValue><ssdm name="br_ln0"/></StgValue>
</operation>
</state>

<state id="13" st_id="13">

<operation id="95" st_id="13" stage="1" lat="1">
<core>NULL</core>
<MemPortIdVec></MemPortIdVec>
<condition id="-1">
<or_exp><and_exp></and_exp></or_exp>
</condition>

<Node id="63" bw="13" op_0_bw="13" op_1_bw="0" op_2_bw="13" op_3_bw="0">
<![CDATA[
burst.rd.end:0  %i_0 = phi i13 [ %i, %1 ], [ 0, %burst.rd.end.preheader ]

]]></Node>
<StgValue><ssdm name="i_0"/></StgValue>
</operation>

<operation id="96" st_id="13" stage="1" lat="1">
<core>NULL</core>
<MemPortIdVec></MemPortIdVec>
<condition id="-1">
<or_exp><and_exp></and_exp></or_exp>
</condition>

<Node id="64" bw="32" op_0_bw="32" op_1_bw="32" op_2_bw="32" op_3_bw="32" op_4_bw="32" op_5_bw="0">
<![CDATA[
burst.rd.end:1  %empty_9 = call i32 (...)* @_ssdm_op_SpecPipeline(i32 -1, i32 1, i32 1, i32 0, [1 x i8]* @p_str12) nounwind

]]></Node>
<StgValue><ssdm name="empty_9"/></StgValue>
</operation>

<operation id="97" st_id="13" stage="1" lat="1">
<core>Cmp</core>
<MemPortIdVec></MemPortIdVec>
<condition id="-1">
<or_exp><and_exp></and_exp></or_exp>
</condition>

<Node id="65" bw="1" op_0_bw="13" op_1_bw="13">
<![CDATA[
burst.rd.end:2  %icmp_ln67 = icmp eq i13 %i_0, -4096

]]></Node>
<StgValue><ssdm name="icmp_ln67"/></StgValue>
</operation>

<operation id="98" st_id="13" stage="1" lat="1">
<core>NULL</core>
<MemPortIdVec></MemPortIdVec>
<condition id="-1">
<or_exp><and_exp></and_exp></or_exp>
</condition>

<Node id="66" bw="32" op_0_bw="32" op_1_bw="64" op_2_bw="64" op_3_bw="64">
<![CDATA[
burst.rd.end:3  %empty_10 = call i32 (...)* @_ssdm_op_SpecLoopTripCount(i64 4096, i64 4096, i64 4096) nounwind

]]></Node>
<StgValue><ssdm name="empty_10"/></StgValue>
</operation>

<operation id="99" st_id="13" stage="1" lat="1">
<core>AddSub</core>
<MemPortIdVec></MemPortIdVec>
<condition id="-1">
<or_exp><and_exp></and_exp></or_exp>
</condition>

<Node id="67" bw="13" op_0_bw="13" op_1_bw="13">
<![CDATA[
burst.rd.end:4  %i = add i13 %i_0, 1

]]></Node>
<StgValue><ssdm name="i"/></StgValue>
</operation>

<operation id="100" st_id="13" stage="1" lat="1">
<core>NULL</core>
<MemPortIdVec></MemPortIdVec>
<condition id="-1">
<or_exp><and_exp></and_exp></or_exp>
</condition>

<Node id="68" bw="0" op_0_bw="1" op_1_bw="0" op_2_bw="0">
<![CDATA[
burst.rd.end:5  br i1 %icmp_ln67, label %burst.wr.header.preheader, label %1

]]></Node>
<StgValue><ssdm name="br_ln67"/></StgValue>
</operation>

<operation id="101" st_id="13" stage="1" lat="1">
<core>NULL</core>
<MemPortIdVec></MemPortIdVec>
<condition id="-1">
<or_exp><and_exp><literal name="icmp_ln67" val="0"/>
</and_exp></or_exp>
</condition>

<Node id="70" bw="64" op_0_bw="13">
<![CDATA[
:0  %zext_ln68 = zext i13 %i_0 to i64

]]></Node>
<StgValue><ssdm name="zext_ln68"/></StgValue>
</operation>

<operation id="102" st_id="13" stage="1" lat="1">
<core>NULL</core>
<MemPortIdVec></MemPortIdVec>
<condition id="-1">
<or_exp><and_exp><literal name="icmp_ln67" val="0"/>
</and_exp></or_exp>
</condition>

<Node id="71" bw="13" op_0_bw="32" op_1_bw="64" op_2_bw="64">
<![CDATA[
:1  %m00_axi_input_buffer_addr_1 = getelementptr inbounds [8192 x i32]* %m00_axi_input_buffer, i64 0, i64 %zext_ln68

]]></Node>
<StgValue><ssdm name="m00_axi_input_buffer_addr_1"/></StgValue>
</operation>

<operation id="103" st_id="13" stage="2" lat="2">
<core>RAM</core>
<MemPortIdVec></MemPortIdVec>
<condition id="-1">
<or_exp><and_exp><literal name="icmp_ln67" val="0"/>
</and_exp></or_exp>
</condition>

<Node id="72" bw="32" op_0_bw="13">
<![CDATA[
:2  %m00_axi_input_buffer_load = load i32* %m00_axi_input_buffer_addr_1, align 4

]]></Node>
<StgValue><ssdm name="m00_axi_input_buffer_load"/></StgValue>
</operation>
</state>

<state id="14" st_id="14">

<operation id="104" st_id="14" stage="1" lat="2">
<core>RAM</core>
<MemPortIdVec></MemPortIdVec>
<condition id="-1">
<or_exp><and_exp><literal name="icmp_ln67" val="0"/>
</and_exp></or_exp>
</condition>

<Node id="72" bw="32" op_0_bw="13">
<![CDATA[
:2  %m00_axi_input_buffer_load = load i32* %m00_axi_input_buffer_addr_1, align 4

]]></Node>
<StgValue><ssdm name="m00_axi_input_buffer_load"/></StgValue>
</operation>

<operation id="105" st_id="14" stage="1" lat="1">
<core>AddSub</core>
<MemPortIdVec></MemPortIdVec>
<condition id="-1">
<or_exp><and_exp><literal name="icmp_ln67" val="0"/>
</and_exp></or_exp>
</condition>

<Node id="73" bw="32" op_0_bw="32" op_1_bw="32">
<![CDATA[
:3  %add_ln68 = add nsw i32 %m00_axi_input_buffer_load, 1

]]></Node>
<StgValue><ssdm name="add_ln68"/></StgValue>
</operation>

<operation id="106" st_id="14" stage="1" lat="1">
<core>NULL</core>
<MemPortIdVec></MemPortIdVec>
<condition id="-1">
<or_exp><and_exp><literal name="icmp_ln67" val="0"/>
</and_exp></or_exp>
</condition>

<Node id="74" bw="13" op_0_bw="32" op_1_bw="64" op_2_bw="64">
<![CDATA[
:4  %m00_axi_output_buffer_addr = getelementptr inbounds [8192 x i32]* %m00_axi_output_buffer, i64 0, i64 %zext_ln68

]]></Node>
<StgValue><ssdm name="m00_axi_output_buffer_addr"/></StgValue>
</operation>

<operation id="107" st_id="14" stage="1" lat="1">
<core>RAM</core>
<MemPortIdVec></MemPortIdVec>
<condition id="-1">
<or_exp><and_exp><literal name="icmp_ln67" val="0"/>
</and_exp></or_exp>
</condition>

<Node id="75" bw="0" op_0_bw="32" op_1_bw="13">
<![CDATA[
:5  store i32 %add_ln68, i32* %m00_axi_output_buffer_addr, align 4

]]></Node>
<StgValue><ssdm name="store_ln68"/></StgValue>
</operation>

<operation id="108" st_id="14" stage="1" lat="1">
<core>NULL</core>
<MemPortIdVec></MemPortIdVec>
<condition id="-1">
<or_exp><and_exp><literal name="icmp_ln67" val="0"/>
</and_exp></or_exp>
</condition>

<Node id="76" bw="0" op_0_bw="0">
<![CDATA[
:6  br label %burst.rd.end

]]></Node>
<StgValue><ssdm name="br_ln67"/></StgValue>
</operation>
</state>

<state id="15" st_id="15">

<operation id="109" st_id="15" stage="1" lat="1">
<core>m_axi</core>
<MemPortIdVec></MemPortIdVec>
<condition id="-1">
<or_exp><and_exp></and_exp></or_exp>
</condition>

<Node id="78" bw="1" op_0_bw="1" op_1_bw="32" op_2_bw="32" op_3_bw="1">
<![CDATA[
burst.wr.header.preheader:0  %m00_axi_addr_wr_req = call i1 @_ssdm_op_WriteReq.m_axi.i32P(i32* %m00_axi_addr, i32 4096)

]]></Node>
<StgValue><ssdm name="m00_axi_addr_wr_req"/></StgValue>
</operation>

<operation id="110" st_id="15" stage="1" lat="1">
<core>NULL</core>
<MemPortIdVec></MemPortIdVec>
<condition id="-1">
<or_exp><and_exp></and_exp></or_exp>
</condition>

<Node id="79" bw="0" op_0_bw="0">
<![CDATA[
burst.wr.header.preheader:1  br label %burst.wr.header

]]></Node>
<StgValue><ssdm name="br_ln72"/></StgValue>
</operation>
</state>

<state id="16" st_id="16">

<operation id="111" st_id="16" stage="1" lat="1">
<core>NULL</core>
<MemPortIdVec></MemPortIdVec>
<condition id="-1">
<or_exp><and_exp></and_exp></or_exp>
</condition>

<Node id="81" bw="13" op_0_bw="13" op_1_bw="0" op_2_bw="13" op_3_bw="0">
<![CDATA[
burst.wr.header:0  %phi_ln72 = phi i13 [ %add_ln72, %burstwrite.region ], [ 0, %burst.wr.header.preheader ]

]]></Node>
<StgValue><ssdm name="phi_ln72"/></StgValue>
</operation>

<operation id="112" st_id="16" stage="1" lat="1">
<core>Cmp</core>
<MemPortIdVec></MemPortIdVec>
<condition id="-1">
<or_exp><and_exp></and_exp></or_exp>
</condition>

<Node id="82" bw="1" op_0_bw="13" op_1_bw="13">
<![CDATA[
burst.wr.header:1  %icmp_ln72 = icmp eq i13 %phi_ln72, -4096

]]></Node>
<StgValue><ssdm name="icmp_ln72"/></StgValue>
</operation>

<operation id="113" st_id="16" stage="1" lat="1">
<core>NULL</core>
<MemPortIdVec></MemPortIdVec>
<condition id="-1">
<or_exp><and_exp></and_exp></or_exp>
</condition>

<Node id="83" bw="32" op_0_bw="32" op_1_bw="64" op_2_bw="64" op_3_bw="64">
<![CDATA[
burst.wr.header:2  %empty_11 = call i32 (...)* @_ssdm_op_SpecLoopTripCount(i64 4096, i64 4096, i64 4096) nounwind

]]></Node>
<StgValue><ssdm name="empty_11"/></StgValue>
</operation>

<operation id="114" st_id="16" stage="1" lat="1">
<core>AddSub</core>
<MemPortIdVec></MemPortIdVec>
<condition id="-1">
<or_exp><and_exp></and_exp></or_exp>
</condition>

<Node id="84" bw="13" op_0_bw="13" op_1_bw="13">
<![CDATA[
burst.wr.header:3  %add_ln72 = add i13 %phi_ln72, 1

]]></Node>
<StgValue><ssdm name="add_ln72"/></StgValue>
</operation>

<operation id="115" st_id="16" stage="1" lat="1">
<core>NULL</core>
<MemPortIdVec></MemPortIdVec>
<condition id="-1">
<or_exp><and_exp></and_exp></or_exp>
</condition>

<Node id="85" bw="0" op_0_bw="1" op_1_bw="0" op_2_bw="0">
<![CDATA[
burst.wr.header:4  br i1 %icmp_ln72, label %burst.rd.header21.preheader, label %burstwrite.region

]]></Node>
<StgValue><ssdm name="br_ln72"/></StgValue>
</operation>

<operation id="116" st_id="16" stage="1" lat="1">
<core>NULL</core>
<MemPortIdVec></MemPortIdVec>
<condition id="-1">
<or_exp><and_exp><literal name="icmp_ln72" val="0"/>
</and_exp></or_exp>
</condition>

<Node id="90" bw="64" op_0_bw="13">
<![CDATA[
burstwrite.region:3  %zext_ln72 = zext i13 %phi_ln72 to i64

]]></Node>
<StgValue><ssdm name="zext_ln72"/></StgValue>
</operation>

<operation id="117" st_id="16" stage="1" lat="1">
<core>NULL</core>
<MemPortIdVec></MemPortIdVec>
<condition id="-1">
<or_exp><and_exp><literal name="icmp_ln72" val="0"/>
</and_exp></or_exp>
</condition>

<Node id="91" bw="13" op_0_bw="32" op_1_bw="64" op_2_bw="64">
<![CDATA[
burstwrite.region:4  %m00_axi_output_buffer_addr_1 = getelementptr [8192 x i32]* %m00_axi_output_buffer, i64 0, i64 %zext_ln72

]]></Node>
<StgValue><ssdm name="m00_axi_output_buffer_addr_1"/></StgValue>
</operation>

<operation id="118" st_id="16" stage="2" lat="2">
<core>RAM</core>
<MemPortIdVec></MemPortIdVec>
<condition id="-1">
<or_exp><and_exp><literal name="icmp_ln72" val="0"/>
</and_exp></or_exp>
</condition>

<Node id="92" bw="32" op_0_bw="13">
<![CDATA[
burstwrite.region:5  %m00_axi_output_buffer_load = load i32* %m00_axi_output_buffer_addr_1, align 4

]]></Node>
<StgValue><ssdm name="m00_axi_output_buffer_load"/></StgValue>
</operation>
</state>

<state id="17" st_id="17">

<operation id="119" st_id="17" stage="1" lat="2">
<core>RAM</core>
<MemPortIdVec></MemPortIdVec>
<condition id="-1">
<or_exp><and_exp><literal name="icmp_ln72" val="0"/>
</and_exp></or_exp>
</condition>

<Node id="92" bw="32" op_0_bw="13">
<![CDATA[
burstwrite.region:5  %m00_axi_output_buffer_load = load i32* %m00_axi_output_buffer_addr_1, align 4

]]></Node>
<StgValue><ssdm name="m00_axi_output_buffer_load"/></StgValue>
</operation>
</state>

<state id="18" st_id="18">

<operation id="120" st_id="18" stage="1" lat="1">
<core>NULL</core>
<MemPortIdVec></MemPortIdVec>
<condition id="-1">
<or_exp><and_exp><literal name="icmp_ln72" val="0"/>
</and_exp></or_exp>
</condition>

<Node id="87" bw="32" op_0_bw="32" op_1_bw="0">
<![CDATA[
burstwrite.region:0  %burstwrite_rbegin = call i32 (...)* @_ssdm_op_SpecRegionBegin([18 x i8]* @burstwrite_OC_region_str) nounwind

]]></Node>
<StgValue><ssdm name="burstwrite_rbegin"/></StgValue>
</operation>

<operation id="121" st_id="18" stage="1" lat="1">
<core>NULL</core>
<MemPortIdVec></MemPortIdVec>
<condition id="-1">
<or_exp><and_exp><literal name="icmp_ln72" val="0"/>
</and_exp></or_exp>
</condition>

<Node id="88" bw="32" op_0_bw="32" op_1_bw="32" op_2_bw="32" op_3_bw="32" op_4_bw="32" op_5_bw="0">
<![CDATA[
burstwrite.region:1  %empty_12 = call i32 (...)* @_ssdm_op_SpecPipeline(i32 1, i32 1, i32 1, i32 0, [1 x i8]* @p_str9) nounwind

]]></Node>
<StgValue><ssdm name="empty_12"/></StgValue>
</operation>

<operation id="122" st_id="18" stage="1" lat="1">
<core>NULL</core>
<MemPortIdVec></MemPortIdVec>
<condition id="-1">
<or_exp><and_exp><literal name="icmp_ln72" val="0"/>
</and_exp></or_exp>
</condition>

<Node id="89" bw="32" op_0_bw="32" op_1_bw="0">
<![CDATA[
burstwrite.region:2  %empty_13 = call i32 (...)* @_ssdm_op_SpecLoopName([42 x i8]* @memcpy_OC_s_result_OC_m00_axi_output_buffer_OC_gep_str) nounwind

]]></Node>
<StgValue><ssdm name="empty_13"/></StgValue>
</operation>

<operation id="123" st_id="18" stage="1" lat="1">
<core>m_axi</core>
<MemPortIdVec></MemPortIdVec>
<condition id="-1">
<or_exp><and_exp><literal name="icmp_ln72" val="0"/>
</and_exp></or_exp>
</condition>

<Node id="93" bw="0" op_0_bw="0" op_1_bw="32" op_2_bw="32" op_3_bw="4" op_4_bw="1" op_5_bw="1">
<![CDATA[
burstwrite.region:6  call void @_ssdm_op_Write.m_axi.i32P(i32* %m00_axi_addr, i32 %m00_axi_output_buffer_load, i4 -1)

]]></Node>
<StgValue><ssdm name="write_ln72"/></StgValue>
</operation>

<operation id="124" st_id="18" stage="1" lat="1">
<core>NULL</core>
<MemPortIdVec></MemPortIdVec>
<condition id="-1">
<or_exp><and_exp><literal name="icmp_ln72" val="0"/>
</and_exp></or_exp>
</condition>

<Node id="94" bw="32" op_0_bw="32" op_1_bw="0" op_2_bw="32">
<![CDATA[
burstwrite.region:7  %burstwrite_rend = call i32 (...)* @_ssdm_op_SpecRegionEnd([18 x i8]* @burstwrite_OC_region_str, i32 %burstwrite_rbegin) nounwind

]]></Node>
<StgValue><ssdm name="burstwrite_rend"/></StgValue>
</operation>

<operation id="125" st_id="18" stage="1" lat="1">
<core>NULL</core>
<MemPortIdVec></MemPortIdVec>
<condition id="-1">
<or_exp><and_exp><literal name="icmp_ln72" val="0"/>
</and_exp></or_exp>
</condition>

<Node id="95" bw="0" op_0_bw="0">
<![CDATA[
burstwrite.region:8  br label %burst.wr.header

]]></Node>
<StgValue><ssdm name="br_ln72"/></StgValue>
</operation>
</state>

<state id="19" st_id="19">

<operation id="126" st_id="19" stage="7" lat="7">
<core>m_axi</core>
<MemPortIdVec></MemPortIdVec>
<condition id="-1">
<or_exp><and_exp></and_exp></or_exp>
</condition>

<Node id="98" bw="1" op_0_bw="1" op_1_bw="32" op_2_bw="32">
<![CDATA[
burst.rd.header21.preheader:1  %m01_axi_addr_rd_req = call i1 @_ssdm_op_ReadReq.m_axi.i32P(i32* %m01_axi_addr, i32 4096)

]]></Node>
<StgValue><ssdm name="m01_axi_addr_rd_req"/></StgValue>
</operation>
</state>

<state id="20" st_id="20">

<operation id="127" st_id="20" stage="5" lat="5">
<core>m_axi</core>
<MemPortIdVec></MemPortIdVec>
<condition id="-1">
<or_exp><and_exp></and_exp></or_exp>
</condition>

<Node id="97" bw="1" op_0_bw="1" op_1_bw="32" op_2_bw="1">
<![CDATA[
burst.rd.header21.preheader:0  %m00_axi_addr_wr_resp = call i1 @_ssdm_op_WriteResp.m_axi.i32P(i32* %m00_axi_addr)

]]></Node>
<StgValue><ssdm name="m00_axi_addr_wr_resp"/></StgValue>
</operation>

<operation id="128" st_id="20" stage="6" lat="7">
<core>m_axi</core>
<MemPortIdVec></MemPortIdVec>
<condition id="-1">
<or_exp><and_exp></and_exp></or_exp>
</condition>

<Node id="98" bw="1" op_0_bw="1" op_1_bw="32" op_2_bw="32">
<![CDATA[
burst.rd.header21.preheader:1  %m01_axi_addr_rd_req = call i1 @_ssdm_op_ReadReq.m_axi.i32P(i32* %m01_axi_addr, i32 4096)

]]></Node>
<StgValue><ssdm name="m01_axi_addr_rd_req"/></StgValue>
</operation>
</state>

<state id="21" st_id="21">

<operation id="129" st_id="21" stage="4" lat="5">
<core>m_axi</core>
<MemPortIdVec></MemPortIdVec>
<condition id="-1">
<or_exp><and_exp></and_exp></or_exp>
</condition>

<Node id="97" bw="1" op_0_bw="1" op_1_bw="32" op_2_bw="1">
<![CDATA[
burst.rd.header21.preheader:0  %m00_axi_addr_wr_resp = call i1 @_ssdm_op_WriteResp.m_axi.i32P(i32* %m00_axi_addr)

]]></Node>
<StgValue><ssdm name="m00_axi_addr_wr_resp"/></StgValue>
</operation>

<operation id="130" st_id="21" stage="5" lat="7">
<core>m_axi</core>
<MemPortIdVec></MemPortIdVec>
<condition id="-1">
<or_exp><and_exp></and_exp></or_exp>
</condition>

<Node id="98" bw="1" op_0_bw="1" op_1_bw="32" op_2_bw="32">
<![CDATA[
burst.rd.header21.preheader:1  %m01_axi_addr_rd_req = call i1 @_ssdm_op_ReadReq.m_axi.i32P(i32* %m01_axi_addr, i32 4096)

]]></Node>
<StgValue><ssdm name="m01_axi_addr_rd_req"/></StgValue>
</operation>
</state>

<state id="22" st_id="22">

<operation id="131" st_id="22" stage="3" lat="5">
<core>m_axi</core>
<MemPortIdVec></MemPortIdVec>
<condition id="-1">
<or_exp><and_exp></and_exp></or_exp>
</condition>

<Node id="97" bw="1" op_0_bw="1" op_1_bw="32" op_2_bw="1">
<![CDATA[
burst.rd.header21.preheader:0  %m00_axi_addr_wr_resp = call i1 @_ssdm_op_WriteResp.m_axi.i32P(i32* %m00_axi_addr)

]]></Node>
<StgValue><ssdm name="m00_axi_addr_wr_resp"/></StgValue>
</operation>

<operation id="132" st_id="22" stage="4" lat="7">
<core>m_axi</core>
<MemPortIdVec></MemPortIdVec>
<condition id="-1">
<or_exp><and_exp></and_exp></or_exp>
</condition>

<Node id="98" bw="1" op_0_bw="1" op_1_bw="32" op_2_bw="32">
<![CDATA[
burst.rd.header21.preheader:1  %m01_axi_addr_rd_req = call i1 @_ssdm_op_ReadReq.m_axi.i32P(i32* %m01_axi_addr, i32 4096)

]]></Node>
<StgValue><ssdm name="m01_axi_addr_rd_req"/></StgValue>
</operation>
</state>

<state id="23" st_id="23">

<operation id="133" st_id="23" stage="2" lat="5">
<core>m_axi</core>
<MemPortIdVec></MemPortIdVec>
<condition id="-1">
<or_exp><and_exp></and_exp></or_exp>
</condition>

<Node id="97" bw="1" op_0_bw="1" op_1_bw="32" op_2_bw="1">
<![CDATA[
burst.rd.header21.preheader:0  %m00_axi_addr_wr_resp = call i1 @_ssdm_op_WriteResp.m_axi.i32P(i32* %m00_axi_addr)

]]></Node>
<StgValue><ssdm name="m00_axi_addr_wr_resp"/></StgValue>
</operation>

<operation id="134" st_id="23" stage="3" lat="7">
<core>m_axi</core>
<MemPortIdVec></MemPortIdVec>
<condition id="-1">
<or_exp><and_exp></and_exp></or_exp>
</condition>

<Node id="98" bw="1" op_0_bw="1" op_1_bw="32" op_2_bw="32">
<![CDATA[
burst.rd.header21.preheader:1  %m01_axi_addr_rd_req = call i1 @_ssdm_op_ReadReq.m_axi.i32P(i32* %m01_axi_addr, i32 4096)

]]></Node>
<StgValue><ssdm name="m01_axi_addr_rd_req"/></StgValue>
</operation>
</state>

<state id="24" st_id="24">

<operation id="135" st_id="24" stage="1" lat="5">
<core>m_axi</core>
<MemPortIdVec></MemPortIdVec>
<condition id="-1">
<or_exp><and_exp></and_exp></or_exp>
</condition>

<Node id="97" bw="1" op_0_bw="1" op_1_bw="32" op_2_bw="1">
<![CDATA[
burst.rd.header21.preheader:0  %m00_axi_addr_wr_resp = call i1 @_ssdm_op_WriteResp.m_axi.i32P(i32* %m00_axi_addr)

]]></Node>
<StgValue><ssdm name="m00_axi_addr_wr_resp"/></StgValue>
</operation>

<operation id="136" st_id="24" stage="2" lat="7">
<core>m_axi</core>
<MemPortIdVec></MemPortIdVec>
<condition id="-1">
<or_exp><and_exp></and_exp></or_exp>
</condition>

<Node id="98" bw="1" op_0_bw="1" op_1_bw="32" op_2_bw="32">
<![CDATA[
burst.rd.header21.preheader:1  %m01_axi_addr_rd_req = call i1 @_ssdm_op_ReadReq.m_axi.i32P(i32* %m01_axi_addr, i32 4096)

]]></Node>
<StgValue><ssdm name="m01_axi_addr_rd_req"/></StgValue>
</operation>
</state>

<state id="25" st_id="25">

<operation id="137" st_id="25" stage="1" lat="7">
<core>m_axi</core>
<MemPortIdVec></MemPortIdVec>
<condition id="-1">
<or_exp><and_exp></and_exp></or_exp>
</condition>

<Node id="98" bw="1" op_0_bw="1" op_1_bw="32" op_2_bw="32">
<![CDATA[
burst.rd.header21.preheader:1  %m01_axi_addr_rd_req = call i1 @_ssdm_op_ReadReq.m_axi.i32P(i32* %m01_axi_addr, i32 4096)

]]></Node>
<StgValue><ssdm name="m01_axi_addr_rd_req"/></StgValue>
</operation>

<operation id="138" st_id="25" stage="1" lat="1">
<core>NULL</core>
<MemPortIdVec></MemPortIdVec>
<condition id="-1">
<or_exp><and_exp></and_exp></or_exp>
</condition>

<Node id="99" bw="0" op_0_bw="0">
<![CDATA[
burst.rd.header21.preheader:2  br label %burst.rd.header21

]]></Node>
<StgValue><ssdm name="br_ln85"/></StgValue>
</operation>
</state>

<state id="26" st_id="26">

<operation id="139" st_id="26" stage="1" lat="1">
<core>NULL</core>
<MemPortIdVec></MemPortIdVec>
<condition id="-1">
<or_exp><and_exp></and_exp></or_exp>
</condition>

<Node id="101" bw="13" op_0_bw="13" op_1_bw="0" op_2_bw="13" op_3_bw="0">
<![CDATA[
burst.rd.header21:0  %phi_ln85 = phi i13 [ %add_ln85, %burstread.region1 ], [ 0, %burst.rd.header21.preheader ]

]]></Node>
<StgValue><ssdm name="phi_ln85"/></StgValue>
</operation>

<operation id="140" st_id="26" stage="1" lat="1">
<core>Cmp</core>
<MemPortIdVec></MemPortIdVec>
<condition id="-1">
<or_exp><and_exp></and_exp></or_exp>
</condition>

<Node id="102" bw="1" op_0_bw="13" op_1_bw="13">
<![CDATA[
burst.rd.header21:1  %icmp_ln85 = icmp eq i13 %phi_ln85, -4096

]]></Node>
<StgValue><ssdm name="icmp_ln85"/></StgValue>
</operation>

<operation id="141" st_id="26" stage="1" lat="1">
<core>NULL</core>
<MemPortIdVec></MemPortIdVec>
<condition id="-1">
<or_exp><and_exp></and_exp></or_exp>
</condition>

<Node id="103" bw="32" op_0_bw="32" op_1_bw="64" op_2_bw="64" op_3_bw="64">
<![CDATA[
burst.rd.header21:2  %empty_14 = call i32 (...)* @_ssdm_op_SpecLoopTripCount(i64 4096, i64 4096, i64 4096) nounwind

]]></Node>
<StgValue><ssdm name="empty_14"/></StgValue>
</operation>

<operation id="142" st_id="26" stage="1" lat="1">
<core>AddSub</core>
<MemPortIdVec></MemPortIdVec>
<condition id="-1">
<or_exp><and_exp></and_exp></or_exp>
</condition>

<Node id="104" bw="13" op_0_bw="13" op_1_bw="13">
<![CDATA[
burst.rd.header21:3  %add_ln85 = add i13 %phi_ln85, 1

]]></Node>
<StgValue><ssdm name="add_ln85"/></StgValue>
</operation>

<operation id="143" st_id="26" stage="1" lat="1">
<core>NULL</core>
<MemPortIdVec></MemPortIdVec>
<condition id="-1">
<or_exp><and_exp></and_exp></or_exp>
</condition>

<Node id="105" bw="0" op_0_bw="1" op_1_bw="0" op_2_bw="0">
<![CDATA[
burst.rd.header21:4  br i1 %icmp_ln85, label %burst.rd.end20.preheader, label %burstread.region1

]]></Node>
<StgValue><ssdm name="br_ln85"/></StgValue>
</operation>
</state>

<state id="27" st_id="27">

<operation id="144" st_id="27" stage="1" lat="1">
<core>m_axi</core>
<MemPortIdVec></MemPortIdVec>
<condition id="-1">
<or_exp><and_exp><literal name="icmp_ln85" val="0"/>
</and_exp></or_exp>
</condition>

<Node id="111" bw="32" op_0_bw="32" op_1_bw="32" op_2_bw="1">
<![CDATA[
burstread.region1:4  %m01_axi_addr_read = call i32 @_ssdm_op_Read.m_axi.i32P(i32* %m01_axi_addr)

]]></Node>
<StgValue><ssdm name="m01_axi_addr_read"/></StgValue>
</operation>
</state>

<state id="28" st_id="28">

<operation id="145" st_id="28" stage="1" lat="1">
<core>NULL</core>
<MemPortIdVec></MemPortIdVec>
<condition id="-1">
<or_exp><and_exp><literal name="icmp_ln85" val="0"/>
</and_exp></or_exp>
</condition>

<Node id="107" bw="32" op_0_bw="32" op_1_bw="0">
<![CDATA[
burstread.region1:0  %burstread_rbegin1 = call i32 (...)* @_ssdm_op_SpecRegionBegin([17 x i8]* @burstread_OC_region_str) nounwind

]]></Node>
<StgValue><ssdm name="burstread_rbegin1"/></StgValue>
</operation>

<operation id="146" st_id="28" stage="1" lat="1">
<core>NULL</core>
<MemPortIdVec></MemPortIdVec>
<condition id="-1">
<or_exp><and_exp><literal name="icmp_ln85" val="0"/>
</and_exp></or_exp>
</condition>

<Node id="108" bw="32" op_0_bw="32" op_1_bw="32" op_2_bw="32" op_3_bw="32" op_4_bw="32" op_5_bw="0">
<![CDATA[
burstread.region1:1  %empty_15 = call i32 (...)* @_ssdm_op_SpecPipeline(i32 1, i32 1, i32 1, i32 0, [1 x i8]* @p_str10) nounwind

]]></Node>
<StgValue><ssdm name="empty_15"/></StgValue>
</operation>

<operation id="147" st_id="28" stage="1" lat="1">
<core>NULL</core>
<MemPortIdVec></MemPortIdVec>
<condition id="-1">
<or_exp><and_exp><literal name="icmp_ln85" val="0"/>
</and_exp></or_exp>
</condition>

<Node id="109" bw="32" op_0_bw="32" op_1_bw="0">
<![CDATA[
burstread.region1:2  %empty_16 = call i32 (...)* @_ssdm_op_SpecLoopName([35 x i8]* @memcpy_OC_m01_axi_input_buffer_OC_s_info_str) nounwind

]]></Node>
<StgValue><ssdm name="empty_16"/></StgValue>
</operation>

<operation id="148" st_id="28" stage="1" lat="1">
<core>NULL</core>
<MemPortIdVec></MemPortIdVec>
<condition id="-1">
<or_exp><and_exp><literal name="icmp_ln85" val="0"/>
</and_exp></or_exp>
</condition>

<Node id="110" bw="64" op_0_bw="13">
<![CDATA[
burstread.region1:3  %zext_ln85 = zext i13 %phi_ln85 to i64

]]></Node>
<StgValue><ssdm name="zext_ln85"/></StgValue>
</operation>

<operation id="149" st_id="28" stage="1" lat="1">
<core>NULL</core>
<MemPortIdVec></MemPortIdVec>
<condition id="-1">
<or_exp><and_exp><literal name="icmp_ln85" val="0"/>
</and_exp></or_exp>
</condition>

<Node id="112" bw="13" op_0_bw="32" op_1_bw="64" op_2_bw="64">
<![CDATA[
burstread.region1:5  %m01_axi_input_buffer_addr = getelementptr [8192 x i32]* %m01_axi_input_buffer, i64 0, i64 %zext_ln85

]]></Node>
<StgValue><ssdm name="m01_axi_input_buffer_addr"/></StgValue>
</operation>

<operation id="150" st_id="28" stage="1" lat="1">
<core>RAM</core>
<MemPortIdVec></MemPortIdVec>
<condition id="-1">
<or_exp><and_exp><literal name="icmp_ln85" val="0"/>
</and_exp></or_exp>
</condition>

<Node id="113" bw="0" op_0_bw="32" op_1_bw="13">
<![CDATA[
burstread.region1:6  store i32 %m01_axi_addr_read, i32* %m01_axi_input_buffer_addr, align 4

]]></Node>
<StgValue><ssdm name="store_ln85"/></StgValue>
</operation>

<operation id="151" st_id="28" stage="1" lat="1">
<core>NULL</core>
<MemPortIdVec></MemPortIdVec>
<condition id="-1">
<or_exp><and_exp><literal name="icmp_ln85" val="0"/>
</and_exp></or_exp>
</condition>

<Node id="114" bw="32" op_0_bw="32" op_1_bw="0" op_2_bw="32">
<![CDATA[
burstread.region1:7  %burstread_rend30 = call i32 (...)* @_ssdm_op_SpecRegionEnd([17 x i8]* @burstread_OC_region_str, i32 %burstread_rbegin1) nounwind

]]></Node>
<StgValue><ssdm name="burstread_rend30"/></StgValue>
</operation>

<operation id="152" st_id="28" stage="1" lat="1">
<core>NULL</core>
<MemPortIdVec></MemPortIdVec>
<condition id="-1">
<or_exp><and_exp><literal name="icmp_ln85" val="0"/>
</and_exp></or_exp>
</condition>

<Node id="115" bw="0" op_0_bw="0">
<![CDATA[
burstread.region1:8  br label %burst.rd.header21

]]></Node>
<StgValue><ssdm name="br_ln85"/></StgValue>
</operation>
</state>

<state id="29" st_id="29">

<operation id="153" st_id="29" stage="1" lat="1">
<core>NULL</core>
<MemPortIdVec></MemPortIdVec>
<condition id="-1">
<or_exp><and_exp></and_exp></or_exp>
</condition>

<Node id="117" bw="0" op_0_bw="0">
<![CDATA[
burst.rd.end20.preheader:0  br label %burst.rd.end20

]]></Node>
<StgValue><ssdm name="br_ln0"/></StgValue>
</operation>
</state>

<state id="30" st_id="30">

<operation id="154" st_id="30" stage="1" lat="1">
<core>NULL</core>
<MemPortIdVec></MemPortIdVec>
<condition id="-1">
<or_exp><and_exp></and_exp></or_exp>
</condition>

<Node id="119" bw="13" op_0_bw="13" op_1_bw="0" op_2_bw="13" op_3_bw="0">
<![CDATA[
burst.rd.end20:0  %i1_0 = phi i13 [ %i_1, %2 ], [ 0, %burst.rd.end20.preheader ]

]]></Node>
<StgValue><ssdm name="i1_0"/></StgValue>
</operation>

<operation id="155" st_id="30" stage="1" lat="1">
<core>NULL</core>
<MemPortIdVec></MemPortIdVec>
<condition id="-1">
<or_exp><and_exp></and_exp></or_exp>
</condition>

<Node id="120" bw="32" op_0_bw="32" op_1_bw="32" op_2_bw="32" op_3_bw="32" op_4_bw="32" op_5_bw="0">
<![CDATA[
burst.rd.end20:1  %empty_17 = call i32 (...)* @_ssdm_op_SpecPipeline(i32 -1, i32 1, i32 1, i32 0, [1 x i8]* @p_str13) nounwind

]]></Node>
<StgValue><ssdm name="empty_17"/></StgValue>
</operation>

<operation id="156" st_id="30" stage="1" lat="1">
<core>Cmp</core>
<MemPortIdVec></MemPortIdVec>
<condition id="-1">
<or_exp><and_exp></and_exp></or_exp>
</condition>

<Node id="121" bw="1" op_0_bw="13" op_1_bw="13">
<![CDATA[
burst.rd.end20:2  %icmp_ln88 = icmp eq i13 %i1_0, -4096

]]></Node>
<StgValue><ssdm name="icmp_ln88"/></StgValue>
</operation>

<operation id="157" st_id="30" stage="1" lat="1">
<core>NULL</core>
<MemPortIdVec></MemPortIdVec>
<condition id="-1">
<or_exp><and_exp></and_exp></or_exp>
</condition>

<Node id="122" bw="32" op_0_bw="32" op_1_bw="64" op_2_bw="64" op_3_bw="64">
<![CDATA[
burst.rd.end20:3  %empty_18 = call i32 (...)* @_ssdm_op_SpecLoopTripCount(i64 4096, i64 4096, i64 4096) nounwind

]]></Node>
<StgValue><ssdm name="empty_18"/></StgValue>
</operation>

<operation id="158" st_id="30" stage="1" lat="1">
<core>AddSub</core>
<MemPortIdVec></MemPortIdVec>
<condition id="-1">
<or_exp><and_exp></and_exp></or_exp>
</condition>

<Node id="123" bw="13" op_0_bw="13" op_1_bw="13">
<![CDATA[
burst.rd.end20:4  %i_1 = add i13 %i1_0, 1

]]></Node>
<StgValue><ssdm name="i_1"/></StgValue>
</operation>

<operation id="159" st_id="30" stage="1" lat="1">
<core>NULL</core>
<MemPortIdVec></MemPortIdVec>
<condition id="-1">
<or_exp><and_exp></and_exp></or_exp>
</condition>

<Node id="124" bw="0" op_0_bw="1" op_1_bw="0" op_2_bw="0">
<![CDATA[
burst.rd.end20:5  br i1 %icmp_ln88, label %burst.wr.header33.preheader, label %2

]]></Node>
<StgValue><ssdm name="br_ln88"/></StgValue>
</operation>

<operation id="160" st_id="30" stage="1" lat="1">
<core>NULL</core>
<MemPortIdVec></MemPortIdVec>
<condition id="-1">
<or_exp><and_exp><literal name="icmp_ln88" val="0"/>
</and_exp></or_exp>
</condition>

<Node id="126" bw="64" op_0_bw="13">
<![CDATA[
:0  %zext_ln89 = zext i13 %i1_0 to i64

]]></Node>
<StgValue><ssdm name="zext_ln89"/></StgValue>
</operation>

<operation id="161" st_id="30" stage="1" lat="1">
<core>NULL</core>
<MemPortIdVec></MemPortIdVec>
<condition id="-1">
<or_exp><and_exp><literal name="icmp_ln88" val="0"/>
</and_exp></or_exp>
</condition>

<Node id="127" bw="13" op_0_bw="32" op_1_bw="64" op_2_bw="64">
<![CDATA[
:1  %m01_axi_input_buffer_addr_1 = getelementptr inbounds [8192 x i32]* %m01_axi_input_buffer, i64 0, i64 %zext_ln89

]]></Node>
<StgValue><ssdm name="m01_axi_input_buffer_addr_1"/></StgValue>
</operation>

<operation id="162" st_id="30" stage="2" lat="2">
<core>RAM</core>
<MemPortIdVec></MemPortIdVec>
<condition id="-1">
<or_exp><and_exp><literal name="icmp_ln88" val="0"/>
</and_exp></or_exp>
</condition>

<Node id="128" bw="32" op_0_bw="13">
<![CDATA[
:2  %m01_axi_input_buffer_load = load i32* %m01_axi_input_buffer_addr_1, align 4

]]></Node>
<StgValue><ssdm name="m01_axi_input_buffer_load"/></StgValue>
</operation>
</state>

<state id="31" st_id="31">

<operation id="163" st_id="31" stage="1" lat="2">
<core>RAM</core>
<MemPortIdVec></MemPortIdVec>
<condition id="-1">
<or_exp><and_exp><literal name="icmp_ln88" val="0"/>
</and_exp></or_exp>
</condition>

<Node id="128" bw="32" op_0_bw="13">
<![CDATA[
:2  %m01_axi_input_buffer_load = load i32* %m01_axi_input_buffer_addr_1, align 4

]]></Node>
<StgValue><ssdm name="m01_axi_input_buffer_load"/></StgValue>
</operation>

<operation id="164" st_id="31" stage="1" lat="1">
<core>AddSub</core>
<MemPortIdVec></MemPortIdVec>
<condition id="-1">
<or_exp><and_exp><literal name="icmp_ln88" val="0"/>
</and_exp></or_exp>
</condition>

<Node id="129" bw="32" op_0_bw="32" op_1_bw="32">
<![CDATA[
:3  %add_ln89 = add nsw i32 %m01_axi_input_buffer_load, 1

]]></Node>
<StgValue><ssdm name="add_ln89"/></StgValue>
</operation>

<operation id="165" st_id="31" stage="1" lat="1">
<core>NULL</core>
<MemPortIdVec></MemPortIdVec>
<condition id="-1">
<or_exp><and_exp><literal name="icmp_ln88" val="0"/>
</and_exp></or_exp>
</condition>

<Node id="130" bw="13" op_0_bw="32" op_1_bw="64" op_2_bw="64">
<![CDATA[
:4  %m01_axi_output_buffer_addr = getelementptr inbounds [8192 x i32]* %m01_axi_output_buffer, i64 0, i64 %zext_ln89

]]></Node>
<StgValue><ssdm name="m01_axi_output_buffer_addr"/></StgValue>
</operation>

<operation id="166" st_id="31" stage="1" lat="1">
<core>RAM</core>
<MemPortIdVec></MemPortIdVec>
<condition id="-1">
<or_exp><and_exp><literal name="icmp_ln88" val="0"/>
</and_exp></or_exp>
</condition>

<Node id="131" bw="0" op_0_bw="32" op_1_bw="13">
<![CDATA[
:5  store i32 %add_ln89, i32* %m01_axi_output_buffer_addr, align 4

]]></Node>
<StgValue><ssdm name="store_ln89"/></StgValue>
</operation>

<operation id="167" st_id="31" stage="1" lat="1">
<core>NULL</core>
<MemPortIdVec></MemPortIdVec>
<condition id="-1">
<or_exp><and_exp><literal name="icmp_ln88" val="0"/>
</and_exp></or_exp>
</condition>

<Node id="132" bw="0" op_0_bw="0">
<![CDATA[
:6  br label %burst.rd.end20

]]></Node>
<StgValue><ssdm name="br_ln88"/></StgValue>
</operation>
</state>

<state id="32" st_id="32">

<operation id="168" st_id="32" stage="1" lat="1">
<core>m_axi</core>
<MemPortIdVec></MemPortIdVec>
<condition id="-1">
<or_exp><and_exp></and_exp></or_exp>
</condition>

<Node id="134" bw="1" op_0_bw="1" op_1_bw="32" op_2_bw="32" op_3_bw="1">
<![CDATA[
burst.wr.header33.preheader:0  %m01_axi_addr_wr_req = call i1 @_ssdm_op_WriteReq.m_axi.i32P(i32* %m01_axi_addr, i32 4096)

]]></Node>
<StgValue><ssdm name="m01_axi_addr_wr_req"/></StgValue>
</operation>

<operation id="169" st_id="32" stage="1" lat="1">
<core>NULL</core>
<MemPortIdVec></MemPortIdVec>
<condition id="-1">
<or_exp><and_exp></and_exp></or_exp>
</condition>

<Node id="135" bw="0" op_0_bw="0">
<![CDATA[
burst.wr.header33.preheader:1  br label %burst.wr.header33

]]></Node>
<StgValue><ssdm name="br_ln93"/></StgValue>
</operation>
</state>

<state id="33" st_id="33">

<operation id="170" st_id="33" stage="1" lat="1">
<core>NULL</core>
<MemPortIdVec></MemPortIdVec>
<condition id="-1">
<or_exp><and_exp></and_exp></or_exp>
</condition>

<Node id="137" bw="13" op_0_bw="13" op_1_bw="0" op_2_bw="13" op_3_bw="0">
<![CDATA[
burst.wr.header33:0  %phi_ln93 = phi i13 [ %add_ln93, %burstwrite.region1 ], [ 0, %burst.wr.header33.preheader ]

]]></Node>
<StgValue><ssdm name="phi_ln93"/></StgValue>
</operation>

<operation id="171" st_id="33" stage="1" lat="1">
<core>Cmp</core>
<MemPortIdVec></MemPortIdVec>
<condition id="-1">
<or_exp><and_exp></and_exp></or_exp>
</condition>

<Node id="138" bw="1" op_0_bw="13" op_1_bw="13">
<![CDATA[
burst.wr.header33:1  %icmp_ln93 = icmp eq i13 %phi_ln93, -4096

]]></Node>
<StgValue><ssdm name="icmp_ln93"/></StgValue>
</operation>

<operation id="172" st_id="33" stage="1" lat="1">
<core>NULL</core>
<MemPortIdVec></MemPortIdVec>
<condition id="-1">
<or_exp><and_exp></and_exp></or_exp>
</condition>

<Node id="139" bw="32" op_0_bw="32" op_1_bw="64" op_2_bw="64" op_3_bw="64">
<![CDATA[
burst.wr.header33:2  %empty_19 = call i32 (...)* @_ssdm_op_SpecLoopTripCount(i64 4096, i64 4096, i64 4096) nounwind

]]></Node>
<StgValue><ssdm name="empty_19"/></StgValue>
</operation>

<operation id="173" st_id="33" stage="1" lat="1">
<core>AddSub</core>
<MemPortIdVec></MemPortIdVec>
<condition id="-1">
<or_exp><and_exp></and_exp></or_exp>
</condition>

<Node id="140" bw="13" op_0_bw="13" op_1_bw="13">
<![CDATA[
burst.wr.header33:3  %add_ln93 = add i13 %phi_ln93, 1

]]></Node>
<StgValue><ssdm name="add_ln93"/></StgValue>
</operation>

<operation id="174" st_id="33" stage="1" lat="1">
<core>NULL</core>
<MemPortIdVec></MemPortIdVec>
<condition id="-1">
<or_exp><and_exp></and_exp></or_exp>
</condition>

<Node id="141" bw="0" op_0_bw="1" op_1_bw="0" op_2_bw="0">
<![CDATA[
burst.wr.header33:4  br i1 %icmp_ln93, label %memcpy.tail46, label %burstwrite.region1

]]></Node>
<StgValue><ssdm name="br_ln93"/></StgValue>
</operation>

<operation id="175" st_id="33" stage="1" lat="1">
<core>NULL</core>
<MemPortIdVec></MemPortIdVec>
<condition id="-1">
<or_exp><and_exp><literal name="icmp_ln93" val="0"/>
</and_exp></or_exp>
</condition>

<Node id="146" bw="64" op_0_bw="13">
<![CDATA[
burstwrite.region1:3  %zext_ln93 = zext i13 %phi_ln93 to i64

]]></Node>
<StgValue><ssdm name="zext_ln93"/></StgValue>
</operation>

<operation id="176" st_id="33" stage="1" lat="1">
<core>NULL</core>
<MemPortIdVec></MemPortIdVec>
<condition id="-1">
<or_exp><and_exp><literal name="icmp_ln93" val="0"/>
</and_exp></or_exp>
</condition>

<Node id="147" bw="13" op_0_bw="32" op_1_bw="64" op_2_bw="64">
<![CDATA[
burstwrite.region1:4  %m01_axi_output_buffer_addr_1 = getelementptr [8192 x i32]* %m01_axi_output_buffer, i64 0, i64 %zext_ln93

]]></Node>
<StgValue><ssdm name="m01_axi_output_buffer_addr_1"/></StgValue>
</operation>

<operation id="177" st_id="33" stage="2" lat="2">
<core>RAM</core>
<MemPortIdVec></MemPortIdVec>
<condition id="-1">
<or_exp><and_exp><literal name="icmp_ln93" val="0"/>
</and_exp></or_exp>
</condition>

<Node id="148" bw="32" op_0_bw="13">
<![CDATA[
burstwrite.region1:5  %m01_axi_output_buffer_load = load i32* %m01_axi_output_buffer_addr_1, align 4

]]></Node>
<StgValue><ssdm name="m01_axi_output_buffer_load"/></StgValue>
</operation>
</state>

<state id="34" st_id="34">

<operation id="178" st_id="34" stage="1" lat="2">
<core>RAM</core>
<MemPortIdVec></MemPortIdVec>
<condition id="-1">
<or_exp><and_exp><literal name="icmp_ln93" val="0"/>
</and_exp></or_exp>
</condition>

<Node id="148" bw="32" op_0_bw="13">
<![CDATA[
burstwrite.region1:5  %m01_axi_output_buffer_load = load i32* %m01_axi_output_buffer_addr_1, align 4

]]></Node>
<StgValue><ssdm name="m01_axi_output_buffer_load"/></StgValue>
</operation>
</state>

<state id="35" st_id="35">

<operation id="179" st_id="35" stage="1" lat="1">
<core>NULL</core>
<MemPortIdVec></MemPortIdVec>
<condition id="-1">
<or_exp><and_exp><literal name="icmp_ln93" val="0"/>
</and_exp></or_exp>
</condition>

<Node id="143" bw="32" op_0_bw="32" op_1_bw="0">
<![CDATA[
burstwrite.region1:0  %burstwrite_rbegin1 = call i32 (...)* @_ssdm_op_SpecRegionBegin([18 x i8]* @burstwrite_OC_region_str) nounwind

]]></Node>
<StgValue><ssdm name="burstwrite_rbegin1"/></StgValue>
</operation>

<operation id="180" st_id="35" stage="1" lat="1">
<core>NULL</core>
<MemPortIdVec></MemPortIdVec>
<condition id="-1">
<or_exp><and_exp><literal name="icmp_ln93" val="0"/>
</and_exp></or_exp>
</condition>

<Node id="144" bw="32" op_0_bw="32" op_1_bw="32" op_2_bw="32" op_3_bw="32" op_4_bw="32" op_5_bw="0">
<![CDATA[
burstwrite.region1:1  %empty_20 = call i32 (...)* @_ssdm_op_SpecPipeline(i32 1, i32 1, i32 1, i32 0, [1 x i8]* @p_str11) nounwind

]]></Node>
<StgValue><ssdm name="empty_20"/></StgValue>
</operation>

<operation id="181" st_id="35" stage="1" lat="1">
<core>NULL</core>
<MemPortIdVec></MemPortIdVec>
<condition id="-1">
<or_exp><and_exp><literal name="icmp_ln93" val="0"/>
</and_exp></or_exp>
</condition>

<Node id="145" bw="32" op_0_bw="32" op_1_bw="0">
<![CDATA[
burstwrite.region1:2  %empty_21 = call i32 (...)* @_ssdm_op_SpecLoopName([40 x i8]* @memcpy_OC_s_info_OC_m01_axi_output_buffer_OC_gep_str) nounwind

]]></Node>
<StgValue><ssdm name="empty_21"/></StgValue>
</operation>

<operation id="182" st_id="35" stage="1" lat="1">
<core>m_axi</core>
<MemPortIdVec></MemPortIdVec>
<condition id="-1">
<or_exp><and_exp><literal name="icmp_ln93" val="0"/>
</and_exp></or_exp>
</condition>

<Node id="149" bw="0" op_0_bw="0" op_1_bw="32" op_2_bw="32" op_3_bw="4" op_4_bw="1" op_5_bw="1">
<![CDATA[
burstwrite.region1:6  call void @_ssdm_op_Write.m_axi.i32P(i32* %m01_axi_addr, i32 %m01_axi_output_buffer_load, i4 -1)

]]></Node>
<StgValue><ssdm name="write_ln93"/></StgValue>
</operation>

<operation id="183" st_id="35" stage="1" lat="1">
<core>NULL</core>
<MemPortIdVec></MemPortIdVec>
<condition id="-1">
<or_exp><and_exp><literal name="icmp_ln93" val="0"/>
</and_exp></or_exp>
</condition>

<Node id="150" bw="32" op_0_bw="32" op_1_bw="0" op_2_bw="32">
<![CDATA[
burstwrite.region1:7  %burstwrite_rend45 = call i32 (...)* @_ssdm_op_SpecRegionEnd([18 x i8]* @burstwrite_OC_region_str, i32 %burstwrite_rbegin1) nounwind

]]></Node>
<StgValue><ssdm name="burstwrite_rend45"/></StgValue>
</operation>

<operation id="184" st_id="35" stage="1" lat="1">
<core>NULL</core>
<MemPortIdVec></MemPortIdVec>
<condition id="-1">
<or_exp><and_exp><literal name="icmp_ln93" val="0"/>
</and_exp></or_exp>
</condition>

<Node id="151" bw="0" op_0_bw="0">
<![CDATA[
burstwrite.region1:8  br label %burst.wr.header33

]]></Node>
<StgValue><ssdm name="br_ln93"/></StgValue>
</operation>
</state>

<state id="36" st_id="36">

<operation id="185" st_id="36" stage="5" lat="5">
<core>m_axi</core>
<MemPortIdVec></MemPortIdVec>
<condition id="-1">
<or_exp><and_exp></and_exp></or_exp>
</condition>

<Node id="153" bw="1" op_0_bw="1" op_1_bw="32" op_2_bw="1">
<![CDATA[
memcpy.tail46:0  %m01_axi_addr_wr_resp = call i1 @_ssdm_op_WriteResp.m_axi.i32P(i32* %m01_axi_addr)

]]></Node>
<StgValue><ssdm name="m01_axi_addr_wr_resp"/></StgValue>
</operation>
</state>

<state id="37" st_id="37">

<operation id="186" st_id="37" stage="4" lat="5">
<core>m_axi</core>
<MemPortIdVec></MemPortIdVec>
<condition id="-1">
<or_exp><and_exp></and_exp></or_exp>
</condition>

<Node id="153" bw="1" op_0_bw="1" op_1_bw="32" op_2_bw="1">
<![CDATA[
memcpy.tail46:0  %m01_axi_addr_wr_resp = call i1 @_ssdm_op_WriteResp.m_axi.i32P(i32* %m01_axi_addr)

]]></Node>
<StgValue><ssdm name="m01_axi_addr_wr_resp"/></StgValue>
</operation>
</state>

<state id="38" st_id="38">

<operation id="187" st_id="38" stage="3" lat="5">
<core>m_axi</core>
<MemPortIdVec></MemPortIdVec>
<condition id="-1">
<or_exp><and_exp></and_exp></or_exp>
</condition>

<Node id="153" bw="1" op_0_bw="1" op_1_bw="32" op_2_bw="1">
<![CDATA[
memcpy.tail46:0  %m01_axi_addr_wr_resp = call i1 @_ssdm_op_WriteResp.m_axi.i32P(i32* %m01_axi_addr)

]]></Node>
<StgValue><ssdm name="m01_axi_addr_wr_resp"/></StgValue>
</operation>
</state>

<state id="39" st_id="39">

<operation id="188" st_id="39" stage="2" lat="5">
<core>m_axi</core>
<MemPortIdVec></MemPortIdVec>
<condition id="-1">
<or_exp><and_exp></and_exp></or_exp>
</condition>

<Node id="153" bw="1" op_0_bw="1" op_1_bw="32" op_2_bw="1">
<![CDATA[
memcpy.tail46:0  %m01_axi_addr_wr_resp = call i1 @_ssdm_op_WriteResp.m_axi.i32P(i32* %m01_axi_addr)

]]></Node>
<StgValue><ssdm name="m01_axi_addr_wr_resp"/></StgValue>
</operation>
</state>

<state id="40" st_id="40">

<operation id="189" st_id="40" stage="1" lat="5">
<core>m_axi</core>
<MemPortIdVec></MemPortIdVec>
<condition id="-1">
<or_exp><and_exp></and_exp></or_exp>
</condition>

<Node id="153" bw="1" op_0_bw="1" op_1_bw="32" op_2_bw="1">
<![CDATA[
memcpy.tail46:0  %m01_axi_addr_wr_resp = call i1 @_ssdm_op_WriteResp.m_axi.i32P(i32* %m01_axi_addr)

]]></Node>
<StgValue><ssdm name="m01_axi_addr_wr_resp"/></StgValue>
</operation>

<operation id="190" st_id="40" stage="1" lat="1">
<core>NULL</core>
<MemPortIdVec></MemPortIdVec>
<condition id="-1">
<or_exp><and_exp></and_exp></or_exp>
</condition>

<Node id="154" bw="0">
<![CDATA[
memcpy.tail46:1  ret void

]]></Node>
<StgValue><ssdm name="ret_ln96"/></StgValue>
</operation>
</state>
</state_list>


<ports>
</ports>


<dataflows>
</dataflows>


</stg>
