<?xml version="1.0" encoding="utf-8"?>
<Messages>
	<Message severity="INFO" prefix="[SCHED 204-61]" key="SCHED_PIPELINING_STATUS_631" tag="SCHEDULE" content="Option &apos;relax_ii_for_timing&apos; is enabled, will increase II to preserve clock frequency constraints."/>
	<Message severity="INFO" prefix="[HLS 200-10]" key="HLS_10_1312" tag="" content="Analyzing design file &apos;../stream_r_join_cmodel.cpp&apos; ..."/>
	<Message severity="INFO" prefix="[HLS 200-111]" key="HLS_111_965" tag="" content="Finished Linking Time (s): cpu = 00:00:18 ; elapsed = 00:00:19 . Memory (MB): peak = 958.789 ; gain = 526.004 ; free physical = 499930 ; free virtual = 512054"/>
	<Message severity="INFO" prefix="[HLS 200-111]" key="HLS_111_965" tag="" content="Finished Checking Pragmas Time (s): cpu = 00:00:18 ; elapsed = 00:00:19 . Memory (MB): peak = 958.789 ; gain = 526.004 ; free physical = 499930 ; free virtual = 512054"/>
	<Message severity="INFO" prefix="[HLS 200-10]" key="HLS_10_1467" tag="" content="Starting code transformations ..."/>
	<Message severity="INFO" prefix="[HLS 200-111]" key="HLS_111_965" tag="" content="Finished Standard Transforms Time (s): cpu = 00:00:19 ; elapsed = 00:00:21 . Memory (MB): peak = 958.789 ; gain = 526.004 ; free physical = 499837 ; free virtual = 511967"/>
	<Message severity="INFO" prefix="[HLS 200-10]" key="HLS_10_1472" tag="" content="Checking synthesizability ..."/>
	<Message severity="INFO" prefix="[HLS 200-111]" key="HLS_111_965" tag="" content="Finished Checking Synthesizability Time (s): cpu = 00:00:20 ; elapsed = 00:00:22 . Memory (MB): peak = 958.789 ; gain = 526.004 ; free physical = 499782 ; free virtual = 511912"/>
	<Message severity="INFO" prefix="[XFORM 203-510]" key="XFORM_AUTO_PIPELINE_STATUS_244" tag="" content="Pipelining loop &apos;Loop-3&apos; (../stream_r_join_cmodel.cpp:67) in function &apos;stream_r_join&apos; automatically."/>
	<Message severity="INFO" prefix="[XFORM 203-510]" key="XFORM_AUTO_PIPELINE_STATUS_244" tag="" content="Pipelining loop &apos;Loop-6&apos; (../stream_r_join_cmodel.cpp:88) in function &apos;stream_r_join&apos; automatically."/>
	<Message severity="INFO" prefix="[HLS 200-111]" key="HLS_111_965" tag="" content="Finished Pre-synthesis Time (s): cpu = 00:00:21 ; elapsed = 00:00:23 . Memory (MB): peak = 958.789 ; gain = 526.004 ; free physical = 499761 ; free virtual = 511892"/>
	<Message severity="INFO" prefix="[HLS 200-444]" key="HLS 200-444" tag="AXI,SDX_AXI" content="Inferring multiple bus burst read of a total cumulative length 4096 on port &apos;m00_axi&apos; (../stream_r_join_cmodel.cpp:64:5). These data requests might be further partitioned to multiple requests during RTL generation, based on max_read_burst_length or max_write_burst_length settings."/>
	<Message severity="INFO" prefix="[HLS 200-444]" key="HLS 200-444" tag="AXI,SDX_AXI" content="Inferring multiple bus burst read of a total cumulative length 4096 on port &apos;m01_axi&apos; (../stream_r_join_cmodel.cpp:85:5). These data requests might be further partitioned to multiple requests during RTL generation, based on max_read_burst_length or max_write_burst_length settings."/>
	<Message severity="INFO" prefix="[HLS 200-444]" key="HLS 200-444" tag="AXI,SDX_AXI" content="Inferring multiple bus burst write of a total cumulative length 4096 on port &apos;m00_axi&apos; (../stream_r_join_cmodel.cpp:72:5). These data requests might be further partitioned to multiple requests during RTL generation, based on max_read_burst_length or max_write_burst_length settings."/>
	<Message severity="INFO" prefix="[HLS 200-444]" key="HLS 200-444" tag="AXI,SDX_AXI" content="Inferring multiple bus burst write of a total cumulative length 4096 on port &apos;m01_axi&apos; (../stream_r_join_cmodel.cpp:93:5). These data requests might be further partitioned to multiple requests during RTL generation, based on max_read_burst_length or max_write_burst_length settings."/>
	<Message severity="INFO" prefix="[HLS 200-472]" key="HLS 200-472" tag="" content="Inferring partial write operation for &apos;m00_axi_input_buffer&apos; (../stream_r_join_cmodel.cpp:64:5)"/>
	<Message severity="INFO" prefix="[HLS 200-472]" key="HLS 200-472" tag="" content="Inferring partial write operation for &apos;m00_axi_output_buffer&apos; (../stream_r_join_cmodel.cpp:68:7)"/>
	<Message severity="INFO" prefix="[HLS 200-472]" key="HLS 200-472" tag="" content="Inferring partial write operation for &apos;m01_axi_input_buffer&apos; (../stream_r_join_cmodel.cpp:85:5)"/>
	<Message severity="INFO" prefix="[HLS 200-472]" key="HLS 200-472" tag="" content="Inferring partial write operation for &apos;m01_axi_output_buffer&apos; (../stream_r_join_cmodel.cpp:89:7)"/>
	<Message severity="INFO" prefix="[HLS 200-111]" key="HLS_111_965" tag="" content="Finished Architecture Synthesis Time (s): cpu = 00:00:23 ; elapsed = 00:00:25 . Memory (MB): peak = 958.789 ; gain = 526.004 ; free physical = 499738 ; free virtual = 511882"/>
	<Message severity="INFO" prefix="[HLS 200-10]" key="HLS_10_1317" tag="" content="Starting hardware synthesis ..."/>
	<Message severity="INFO" prefix="[HLS 200-10]" key="HLS_10_1385" tag="" content="Synthesizing &apos;stream_r_join&apos; ..."/>
	<Message severity="INFO" prefix="[SYN 201-201]" key="ASSGN_CLOCK_INFO_459" tag="" content="Setting up clock &apos;default&apos; with a period of 10ns."/>
	<Message severity="INFO" prefix="[HLS 200-10]" key="HLS_10_1477" tag="" content="----------------------------------------------------------------"/>
	<Message severity="INFO" prefix="[HLS 200-42]" key="HLS_42_1438" tag="" content="-- Implementing module &apos;stream_r_join&apos;"/>
	<Message severity="INFO" prefix="[HLS 200-10]" key="HLS_10_1478" tag="" content="----------------------------------------------------------------"/>
	<Message severity="INFO" prefix="[SCHED 204-11]" key="SCHED_SCHED_STATUS_597" tag="" content="Starting scheduling ..."/>
	<Message severity="INFO" prefix="[SCHED 204-61]" key="SCHED_PIPELINING_STATUS_41" tag="" content="Pipelining loop &apos;memcpy.m00_axi_input_buffer.r_result&apos;."/>
	<Message severity="INFO" prefix="[SCHED 204-61]" key="SCHED_PIPELINING_STATUS_44" tag="" content="Pipelining result : Target II = 1, Final II = 1, Depth = 3."/>
	<Message severity="INFO" prefix="[SCHED 204-61]" key="SCHED_PIPELINING_STATUS_41" tag="" content="Pipelining loop &apos;Loop 2&apos;."/>
	<Message severity="INFO" prefix="[SCHED 204-61]" key="SCHED_PIPELINING_STATUS_44" tag="" content="Pipelining result : Target II = 1, Final II = 1, Depth = 2."/>
	<Message severity="INFO" prefix="[SCHED 204-61]" key="SCHED_PIPELINING_STATUS_41" tag="" content="Pipelining loop &apos;memcpy.r_result.m00_axi_output_buffer.gep&apos;."/>
	<Message severity="INFO" prefix="[SCHED 204-61]" key="SCHED_PIPELINING_STATUS_44" tag="" content="Pipelining result : Target II = 1, Final II = 1, Depth = 3."/>
	<Message severity="INFO" prefix="[SCHED 204-61]" key="SCHED_PIPELINING_STATUS_41" tag="" content="Pipelining loop &apos;memcpy.m01_axi_input_buffer.r_info&apos;."/>
	<Message severity="INFO" prefix="[SCHED 204-61]" key="SCHED_PIPELINING_STATUS_44" tag="" content="Pipelining result : Target II = 1, Final II = 1, Depth = 3."/>
	<Message severity="INFO" prefix="[SCHED 204-61]" key="SCHED_PIPELINING_STATUS_41" tag="" content="Pipelining loop &apos;Loop 5&apos;."/>
	<Message severity="INFO" prefix="[SCHED 204-61]" key="SCHED_PIPELINING_STATUS_44" tag="" content="Pipelining result : Target II = 1, Final II = 1, Depth = 2."/>
	<Message severity="INFO" prefix="[SCHED 204-61]" key="SCHED_PIPELINING_STATUS_41" tag="" content="Pipelining loop &apos;memcpy.r_info.m01_axi_output_buffer.gep&apos;."/>
	<Message severity="INFO" prefix="[SCHED 204-61]" key="SCHED_PIPELINING_STATUS_44" tag="" content="Pipelining result : Target II = 1, Final II = 1, Depth = 3."/>
	<Message severity="INFO" prefix="[SCHED 204-11]" key="SCHED_SCHED_STATUS_596" tag="" content="Finished scheduling."/>
	<Message severity="INFO" prefix="[HLS 200-111]" key="HLS_111_966" tag="" content=" Elapsed time: 25.25 seconds; current allocated memory: 126.580 MB."/>
	<Message severity="INFO" prefix="[BIND 205-100]" key="BIND_100_926" tag="" content="Starting micro-architecture generation ..."/>
	<Message severity="INFO" prefix="[BIND 205-101]" key="BIND_101_698" tag="" content="Performing variable lifetime analysis."/>
	<Message severity="INFO" prefix="[BIND 205-101]" key="BIND_101_697" tag="" content="Exploring resource sharing."/>
	<Message severity="INFO" prefix="[BIND 205-101]" key="BIND_101_693" tag="" content="Binding ..."/>
	<Message severity="INFO" prefix="[BIND 205-100]" key="BIND_100_925" tag="" content="Finished micro-architecture generation."/>
	<Message severity="INFO" prefix="[HLS 200-111]" key="HLS_111_966" tag="" content=" Elapsed time: 0.15 seconds; current allocated memory: 127.159 MB."/>
	<Message severity="INFO" prefix="[HLS 200-10]" key="HLS_10_1483" tag="" content="----------------------------------------------------------------"/>
	<Message severity="INFO" prefix="[HLS 200-10]" key="HLS_10_1484" tag="" content="-- Generating RTL for module &apos;stream_r_join&apos;"/>
	<Message severity="INFO" prefix="[HLS 200-10]" key="HLS_10_1485" tag="" content="----------------------------------------------------------------"/>
	<Message severity="INFO" prefix="[RTGEN 206-500]" key="PREPROC_IO_COMP_CONFLICT_1950" tag="" content="Setting interface mode on port &apos;stream_r_join/m00_axi&apos; to &apos;m_axi&apos;."/>
	<Message severity="INFO" prefix="[RTGEN 206-500]" key="PREPROC_IO_COMP_CONFLICT_1950" tag="" content="Setting interface mode on port &apos;stream_r_join/m01_axi&apos; to &apos;m_axi&apos;."/>
	<Message severity="INFO" prefix="[RTGEN 206-500]" key="PREPROC_IO_COMP_CONFLICT_1950" tag="" content="Setting interface mode on port &apos;stream_r_join/r_stream_length&apos; to &apos;s_axilite &amp; ap_none&apos;."/>
	<Message severity="INFO" prefix="[RTGEN 206-500]" key="PREPROC_IO_COMP_CONFLICT_1950" tag="" content="Setting interface mode on port &apos;stream_r_join/s_window_length&apos; to &apos;s_axilite &amp; ap_none&apos;."/>
	<Message severity="INFO" prefix="[RTGEN 206-500]" key="PREPROC_IO_COMP_CONFLICT_1950" tag="" content="Setting interface mode on port &apos;stream_r_join/r_result_max&apos; to &apos;s_axilite &amp; ap_none&apos;."/>
	<Message severity="INFO" prefix="[RTGEN 206-500]" key="PREPROC_IO_COMP_CONFLICT_1950" tag="" content="Setting interface mode on port &apos;stream_r_join/window_in_ms&apos; to &apos;s_axilite &amp; ap_none&apos;."/>
	<Message severity="INFO" prefix="[RTGEN 206-500]" key="PREPROC_IO_COMP_CONFLICT_1950" tag="" content="Setting interface mode on port &apos;stream_r_join/r_result&apos; to &apos;s_axilite &amp; ap_none&apos;."/>
	<Message severity="INFO" prefix="[RTGEN 206-500]" key="PREPROC_IO_COMP_CONFLICT_1950" tag="" content="Setting interface mode on port &apos;stream_r_join/r_stream&apos; to &apos;s_axilite &amp; ap_none&apos;."/>
	<Message severity="INFO" prefix="[RTGEN 206-500]" key="PREPROC_IO_COMP_CONFLICT_1950" tag="" content="Setting interface mode on port &apos;stream_r_join/r_info&apos; to &apos;s_axilite &amp; ap_none&apos;."/>
	<Message severity="INFO" prefix="[RTGEN 206-500]" key="PREPROC_IO_COMP_CONFLICT_1950" tag="" content="Setting interface mode on port &apos;stream_r_join/s_window&apos; to &apos;s_axilite &amp; ap_none&apos;."/>
	<Message severity="INFO" prefix="[RTGEN 206-500]" key="PREPROC_IO_COMP_CONFLICT_1950" tag="" content="Setting interface mode on function &apos;stream_r_join&apos; to &apos;s_axilite &amp; ap_ctrl_hs&apos;."/>
	<Message severity="INFO" prefix="[RTGEN 206-100]" key="RTGEN_100_851" tag="" content="Bundling port &apos;return&apos;, &apos;r_stream_length&apos;, &apos;s_window_length&apos;, &apos;r_result_max&apos;, &apos;window_in_ms&apos;, &apos;r_result&apos;, &apos;r_stream&apos;, &apos;r_info&apos; and &apos;s_window&apos; to AXI-Lite port control."/>
	<Message severity="INFO" prefix="[RTGEN 206-100]" key="RTGEN_100_856" tag="" content="Finished creating RTL model for &apos;stream_r_join&apos;."/>
	<Message severity="INFO" prefix="[HLS 200-111]" key="HLS_111_966" tag="" content=" Elapsed time: 0.16 seconds; current allocated memory: 128.946 MB."/>
	<Message severity="INFO" prefix="[HLS 200-790]" key="HLS 200-790" tag="LOOP,SDX_LOOP" content="**** Loop Constraint Status: All loop constraints were satisfied."/>
	<Message severity="INFO" prefix="[HLS 200-789]" key="HLS 200-789" tag="THROUGHPUT,SDX_KERNEL" content="**** Estimated Fmax: 114.29 MHz"/>
	<Message severity="INFO" prefix="[RTMG 210-278]" key="RTMG_278_1790" tag="" content="Implementing memory &apos;stream_r_join_m00_axi_input_buffer_ram (RAM)&apos; using block RAMs."/>
	<Message severity="INFO" prefix="[HLS 200-111]" key="HLS_111_965" tag="" content="Finished generating all RTL models Time (s): cpu = 00:00:25 ; elapsed = 00:00:27 . Memory (MB): peak = 958.789 ; gain = 526.004 ; free physical = 499728 ; free virtual = 511878"/>
	<Message severity="INFO" prefix="[VHDL 208-304]" key="VHDL_304_1066" tag="" content="Generating VHDL RTL for stream_r_join."/>
	<Message severity="INFO" prefix="[VLOG 209-307]" key="VLOG_307_1067" tag="" content="Generating Verilog RTL for stream_r_join."/>
</Messages>
