<profile>

<section name = "Vivado HLS Report for 'stream_r_join'" level="0">
<item name = "Date">Tue Jan 12 10:40:47 2021
</item>
<item name = "Version">2019.2 (Build 2704478 on Wed Nov 06 22:10:23 MST 2019)</item>
<item name = "Project">prj</item>
<item name = "Solution">sol</item>
<item name = "Product family">virtexuplus</item>
<item name = "Target device">xcu280-fsvh2892-2L-e</item>
</section>

<section name = "Performance Estimates" level="0">
<item name = "Timing">
<section name = "" level="1">
<item name = "Summary"><table name="" hasTotal="0">
<keys size="4">Clock, Target, Estimated, Uncertainty</keys>
<column name="ap_clk">10.00 ns, 8.750 ns, 1.25 ns</column>
</table>
</item>
</section>
</item>
<item name = "Latency">
<section name = "" level="1">
<item name = "Summary"><table name="" hasTotal="0">
<keys size="8">, min, max, min, max, min, max, Type</keys>
<column name="">24609, 24609, 0.246 ms, 0.246 ms, 24609, 24609, none</column>
</table>
</item>
<item name = "Detail">
<section name = "" level="1">
<item name = "Instance"><table name="" hasTotal="0">
<keys size="9">Instance, Module, min, max, min, max, min, max, Type</keys>
</table>
</item>
<item name = "Loop"><table name="" hasTotal="0">
<keys size="8">Loop Name, min, max, Latency, achieved, target, Count, Pipelined</keys>
<column name="- memcpy.m00_axi_input_buffer.r_result">4097, 4097, 3, 1, 1, 4096, yes</column>
<column name="- Loop 2">4096, 4096, 2, 1, 1, 4096, yes</column>
<column name="- memcpy.r_result.m00_axi_output_buffer.gep">4097, 4097, 3, 1, 1, 4096, yes</column>
<column name="- memcpy.m01_axi_input_buffer.r_info">4097, 4097, 3, 1, 1, 4096, yes</column>
<column name="- Loop 5">4096, 4096, 2, 1, 1, 4096, yes</column>
<column name="- memcpy.r_info.m01_axi_output_buffer.gep">4097, 4097, 3, 1, 1, 4096, yes</column>
</table>
</item>
</section>
</item>
</section>
</item>
</section>
</profile>
