{
  "version": "2020.1",
  "applications": [],
  "platforms": [],
  "systems": [
    {
      "name": "join_hw_system",
      "platform": "/opt/xilinx/platforms/xilinx_u280_xdma_201920_3/xilinx_u280_xdma_201920_3.xpfm",
      "sysConfig": "config0_0",
      "applications": [
        {
          "name": "join_hw",
          "platform": "/opt/xilinx/platforms/xilinx_u280_xdma_201920_3/xilinx_u280_xdma_201920_3.xpfm",
          "sysConfig": "config0_0",
          "domain": "x86_0",
          "system": "join_hw_system"
        }
      ]
    }
  ],
  "others": []
}