<?xml version="1.0" encoding="UTF-8"?>
<root versionMajor="1" versionMinor="6">
  <kernel name="stream_r_join" language="ip_c" vlnv="hust.cs:kernel:stream_r_join:1.0" attributes="" preferredWorkGroupSizeMultiple="0" workGroupSize="1" interrupt="true" hwControlProtocol="ap_ctrl_hs">
    <ports>
      <port name="s_axi_control" mode="slave" range="0x1000" dataWidth="32" portType="addressable" base="0x0"/>
      <port name="m00_axi" mode="master" range="0xFFFFFFFFFFFFFFFF" dataWidth="512" portType="addressable" base="0x0"/>
      <port name="m01_axi" mode="master" range="0xFFFFFFFFFFFFFFFF" dataWidth="512" portType="addressable" base="0x0"/>
    </ports>
    <args>
      <arg name="r_stream_length" addressQualifier="0" id="0" port="s_axi_control" size="0x4" offset="0x010" type="uint" hostOffset="0x0" hostSize="0x4"/> 
      <arg name="s_window_length" addressQualifier="0" id="1" port="s_axi_control" size="0x4" offset="0x018" type="uint" hostOffset="0x0" hostSize="0x4"/> 
      <arg name="r_result_max" addressQualifier="0" id="2" port="s_axi_control" size="0x4" offset="0x020" type="uint" hostOffset="0x0" hostSize="0x4"/> 
      <arg name="window_in_ms" addressQualifier="0" id="3" port="s_axi_control" size="0x4" offset="0x028" type="uint" hostOffset="0x0" hostSize="0x4"/> 
      <arg name="r_result" addressQualifier="1" id="4" port="m00_axi" size="0x8" offset="0x030" type="int*" hostOffset="0x0" hostSize="0x8"/> 
      <arg name="r_stream" addressQualifier="1" id="5" port="m00_axi" size="0x8" offset="0x03c" type="int*" hostOffset="0x0" hostSize="0x8"/> 
      <arg name="r_info" addressQualifier="1" id="6" port="m01_axi" size="0x8" offset="0x048" type="int*" hostOffset="0x0" hostSize="0x8"/> 
      <arg name="s_window" addressQualifier="1" id="7" port="m01_axi" size="0x8" offset="0x054" type="int*" hostOffset="0x0" hostSize="0x8"/> 
    </args>
  </kernel>
</root>

