<?xml version="1.0" encoding="UTF-8"?>
<root versionMajor="1" versionMinor="6">
  <kernel name="stream_s_join" language="ip_c" vlnv="hust.cs:kernel:stream_s_join:1.0" attributes="" preferredWorkGroupSizeMultiple="0" workGroupSize="1" interrupt="true" hwControlProtocol="ap_ctrl_hs">
    <ports>
      <port name="s_axi_control" mode="slave" range="0x1000" dataWidth="32" portType="addressable" base="0x0"/>
      <port name="m00_axi" mode="master" range="0xFFFFFFFFFFFFFFFF" dataWidth="512" portType="addressable" base="0x0"/>
      <port name="m01_axi" mode="master" range="0xFFFFFFFFFFFFFFFF" dataWidth="512" portType="addressable" base="0x0"/>
    </ports>
    <args>
      <arg name="s_stream_length" addressQualifier="0" id="0" port="s_axi_control" size="0x4" offset="0x010" hostOffset="0x0" hostSize="0x4" type="uint"/>
      <arg name="r_window_length" addressQualifier="0" id="1" port="s_axi_control" size="0x4" offset="0x018" hostOffset="0x0" hostSize="0x4" type="uint"/>
      <arg name="s_result_max" addressQualifier="0" id="2" port="s_axi_control" size="0x4" offset="0x020" hostOffset="0x0" hostSize="0x4" type="uint"/>
      <arg name="window_in_ms" addressQualifier="0" id="3" port="s_axi_control" size="0x4" offset="0x028" hostOffset="0x0" hostSize="0x4" type="uint"/>
      <arg name="s_result" addressQualifier="1" id="4" port="m00_axi" size="0x8" offset="0x030" hostOffset="0x0" hostSize="0x8" type="int*"/>
      <arg name="s_stream" addressQualifier="1" id="5" port="m00_axi" size="0x8" offset="0x03c" hostOffset="0x0" hostSize="0x8" type="int*"/>
      <arg name="s_info" addressQualifier="1" id="6" port="m01_axi" size="0x8" offset="0x048" hostOffset="0x0" hostSize="0x8" type="int*"/>
      <arg name="r_window" addressQualifier="1" id="7" port="m01_axi" size="0x8" offset="0x054" hostOffset="0x0" hostSize="0x8" type="int*"/>
    </args>
  </kernel>
</root>
