<annotationInfo>
<item  id="26" filename="../stream_s_join_cmodel.cpp" linenumber="55" name="m00_axi_input_buffer" contextFuncName="stream_s_join" moduleName="stream_s_join" rtlName="m00_axi_input_buffer_U" latency="0" BRAM="-1" DSP="-1" FF="-1" LUT="-1" fileDirectory="/home/llt/workspace/join_hw/vivado_rtl_kernel/stream_s_join_ex/imports/hls"><\/item>
<item  id="27" filename="../stream_s_join_cmodel.cpp" linenumber="56" name="m00_axi_output_buffer" contextFuncName="stream_s_join" moduleName="stream_s_join" rtlName="m00_axi_output_buffer_U" latency="0" BRAM="-1" DSP="-1" FF="-1" LUT="-1" fileDirectory="/home/llt/workspace/join_hw/vivado_rtl_kernel/stream_s_join_ex/imports/hls"><\/item>
<item  id="28" filename="../stream_s_join_cmodel.cpp" linenumber="76" name="m01_axi_input_buffer" contextFuncName="stream_s_join" moduleName="stream_s_join" rtlName="m01_axi_input_buffer_U" latency="0" BRAM="-1" DSP="-1" FF="-1" LUT="-1" fileDirectory="/home/llt/workspace/join_hw/vivado_rtl_kernel/stream_s_join_ex/imports/hls"><\/item>
<item  id="29" filename="../stream_s_join_cmodel.cpp" linenumber="77" name="m01_axi_output_buffer" contextFuncName="stream_s_join" moduleName="stream_s_join" rtlName="m01_axi_output_buffer_U" latency="0" BRAM="-1" DSP="-1" FF="-1" LUT="-1" fileDirectory="/home/llt/workspace/join_hw/vivado_rtl_kernel/stream_s_join_ex/imports/hls"><\/item>
<item  id="46" filename="../stream_s_join_cmodel.cpp" linenumber="64" name="icmp_ln64" contextFuncName="stream_s_join" moduleName="stream_s_join" rtlName="icmp_ln64_fu_376_p2" latency="0" BRAM="-1" DSP="-1" FF="0" LUT="13" fileDirectory="/home/llt/workspace/join_hw/vivado_rtl_kernel/stream_s_join_ex/imports/hls"><\/item>
<item  id="48" filename="../stream_s_join_cmodel.cpp" linenumber="64" name="add_ln64" contextFuncName="stream_s_join" moduleName="stream_s_join" rtlName="add_ln64_fu_382_p2" latency="0" BRAM="-1" DSP="-1" FF="0" LUT="13" fileDirectory="/home/llt/workspace/join_hw/vivado_rtl_kernel/stream_s_join_ex/imports/hls"><\/item>
<item  id="54" filename="../stream_s_join_cmodel.cpp" linenumber="64" name="zext_ln64" contextFuncName="stream_s_join" moduleName="stream_s_join" rtlName="zext_ln64_fu_388_p1" latency="0" BRAM="-1" DSP="-1" FF="-1" LUT="-1" fileDirectory="/home/llt/workspace/join_hw/vivado_rtl_kernel/stream_s_join_ex/imports/hls"><\/item>
<item  id="65" filename="../stream_s_join_cmodel.cpp" linenumber="67" name="icmp_ln67" contextFuncName="stream_s_join" moduleName="stream_s_join" rtlName="icmp_ln67_fu_393_p2" latency="0" BRAM="-1" DSP="-1" FF="0" LUT="13" fileDirectory="/home/llt/workspace/join_hw/vivado_rtl_kernel/stream_s_join_ex/imports/hls"><\/item>
<item  id="67" filename="../stream_s_join_cmodel.cpp" linenumber="67" name="i" contextFuncName="stream_s_join" moduleName="stream_s_join" rtlName="i_fu_399_p2" latency="0" BRAM="-1" DSP="-1" FF="0" LUT="13" fileDirectory="/home/llt/workspace/join_hw/vivado_rtl_kernel/stream_s_join_ex/imports/hls"><\/item>
<item  id="70" filename="../stream_s_join_cmodel.cpp" linenumber="68" name="zext_ln68" contextFuncName="stream_s_join" moduleName="stream_s_join" rtlName="zext_ln68_fu_405_p1" latency="0" BRAM="-1" DSP="-1" FF="-1" LUT="-1" fileDirectory="/home/llt/workspace/join_hw/vivado_rtl_kernel/stream_s_join_ex/imports/hls"><\/item>
<item  id="73" filename="../stream_s_join_cmodel.cpp" linenumber="68" name="add_ln68" contextFuncName="stream_s_join" moduleName="stream_s_join" rtlName="m00_axi_output_buffer_d0" latency="0" BRAM="-1" DSP="-1" FF="0" LUT="32" fileDirectory="/home/llt/workspace/join_hw/vivado_rtl_kernel/stream_s_join_ex/imports/hls"><\/item>
<item  id="82" filename="../stream_s_join_cmodel.cpp" linenumber="72" name="icmp_ln72" contextFuncName="stream_s_join" moduleName="stream_s_join" rtlName="icmp_ln72_fu_417_p2" latency="0" BRAM="-1" DSP="-1" FF="0" LUT="13" fileDirectory="/home/llt/workspace/join_hw/vivado_rtl_kernel/stream_s_join_ex/imports/hls"><\/item>
<item  id="84" filename="../stream_s_join_cmodel.cpp" linenumber="72" name="add_ln72" contextFuncName="stream_s_join" moduleName="stream_s_join" rtlName="add_ln72_fu_423_p2" latency="0" BRAM="-1" DSP="-1" FF="0" LUT="13" fileDirectory="/home/llt/workspace/join_hw/vivado_rtl_kernel/stream_s_join_ex/imports/hls"><\/item>
<item  id="90" filename="../stream_s_join_cmodel.cpp" linenumber="72" name="zext_ln72" contextFuncName="stream_s_join" moduleName="stream_s_join" rtlName="zext_ln72_fu_429_p1" latency="0" BRAM="-1" DSP="-1" FF="-1" LUT="-1" fileDirectory="/home/llt/workspace/join_hw/vivado_rtl_kernel/stream_s_join_ex/imports/hls"><\/item>
<item  id="102" filename="../stream_s_join_cmodel.cpp" linenumber="85" name="icmp_ln85" contextFuncName="stream_s_join" moduleName="stream_s_join" rtlName="icmp_ln85_fu_434_p2" latency="0" BRAM="-1" DSP="-1" FF="0" LUT="13" fileDirectory="/home/llt/workspace/join_hw/vivado_rtl_kernel/stream_s_join_ex/imports/hls"><\/item>
<item  id="104" filename="../stream_s_join_cmodel.cpp" linenumber="85" name="add_ln85" contextFuncName="stream_s_join" moduleName="stream_s_join" rtlName="add_ln85_fu_440_p2" latency="0" BRAM="-1" DSP="-1" FF="0" LUT="13" fileDirectory="/home/llt/workspace/join_hw/vivado_rtl_kernel/stream_s_join_ex/imports/hls"><\/item>
<item  id="110" filename="../stream_s_join_cmodel.cpp" linenumber="85" name="zext_ln85" contextFuncName="stream_s_join" moduleName="stream_s_join" rtlName="zext_ln85_fu_446_p1" latency="0" BRAM="-1" DSP="-1" FF="-1" LUT="-1" fileDirectory="/home/llt/workspace/join_hw/vivado_rtl_kernel/stream_s_join_ex/imports/hls"><\/item>
<item  id="121" filename="../stream_s_join_cmodel.cpp" linenumber="88" name="icmp_ln88" contextFuncName="stream_s_join" moduleName="stream_s_join" rtlName="icmp_ln88_fu_451_p2" latency="0" BRAM="-1" DSP="-1" FF="0" LUT="13" fileDirectory="/home/llt/workspace/join_hw/vivado_rtl_kernel/stream_s_join_ex/imports/hls"><\/item>
<item  id="123" filename="../stream_s_join_cmodel.cpp" linenumber="88" name="i_1" contextFuncName="stream_s_join" moduleName="stream_s_join" rtlName="i_1_fu_457_p2" latency="0" BRAM="-1" DSP="-1" FF="0" LUT="13" fileDirectory="/home/llt/workspace/join_hw/vivado_rtl_kernel/stream_s_join_ex/imports/hls"><\/item>
<item  id="126" filename="../stream_s_join_cmodel.cpp" linenumber="89" name="zext_ln89" contextFuncName="stream_s_join" moduleName="stream_s_join" rtlName="zext_ln89_fu_463_p1" latency="0" BRAM="-1" DSP="-1" FF="-1" LUT="-1" fileDirectory="/home/llt/workspace/join_hw/vivado_rtl_kernel/stream_s_join_ex/imports/hls"><\/item>
<item  id="129" filename="../stream_s_join_cmodel.cpp" linenumber="89" name="add_ln89" contextFuncName="stream_s_join" moduleName="stream_s_join" rtlName="m01_axi_output_buffer_d0" latency="0" BRAM="-1" DSP="-1" FF="0" LUT="32" fileDirectory="/home/llt/workspace/join_hw/vivado_rtl_kernel/stream_s_join_ex/imports/hls"><\/item>
<item  id="138" filename="../stream_s_join_cmodel.cpp" linenumber="93" name="icmp_ln93" contextFuncName="stream_s_join" moduleName="stream_s_join" rtlName="icmp_ln93_fu_475_p2" latency="0" BRAM="-1" DSP="-1" FF="0" LUT="13" fileDirectory="/home/llt/workspace/join_hw/vivado_rtl_kernel/stream_s_join_ex/imports/hls"><\/item>
<item  id="140" filename="../stream_s_join_cmodel.cpp" linenumber="93" name="add_ln93" contextFuncName="stream_s_join" moduleName="stream_s_join" rtlName="add_ln93_fu_481_p2" latency="0" BRAM="-1" DSP="-1" FF="0" LUT="13" fileDirectory="/home/llt/workspace/join_hw/vivado_rtl_kernel/stream_s_join_ex/imports/hls"><\/item>
<item  id="146" filename="../stream_s_join_cmodel.cpp" linenumber="93" name="zext_ln93" contextFuncName="stream_s_join" moduleName="stream_s_join" rtlName="zext_ln93_fu_487_p1" latency="0" BRAM="-1" DSP="-1" FF="-1" LUT="-1" fileDirectory="/home/llt/workspace/join_hw/vivado_rtl_kernel/stream_s_join_ex/imports/hls"><\/item>
</annotationInfo>
